decision_acc_mean,decision_acc_std,miss_rate_mean,miss_rate_std,escalation_mean,escalation_std,under_escalation_mean,under_escalation_std,fa_per_clean_mean,fa_per_clean_std,mean_severity_danger_mean,mean_severity_danger_std,miss_k_pooled,n_danger_pooled,fa_k_pooled,n_clean_pooled,esc_k_pooled,under_esc_k_pooled,miss_upper95_pooled,fa_upper95_pooled,model,perturbation,level
0.9629746835443038,0.026964968713765226,0.0,0.0,1.0,0.0,0.0,0.0,0.0,0.0,3.5,0.0,0,3160,0,1580,3160,0,0.0009475673165507681,0.001894236749282019,A_cost_weighted,clean,0.0
0.9555379746835444,0.027022935521954006,0.0,0.0,1.0,0.0,0.0,0.0,0.0,0.0,3.5,0.0,0,3160,0,1580,3160,0,0.0009475673165507681,0.001894236749282019,A_cost_weighted,noise,0.1
0.9313291139240507,0.02659098900384358,0.0,0.0,1.0,0.0,0.0,0.0,0.00949367088607595,0.012458873218373117,3.5,0.0,0,3160,15,1580,3160,0,0.0009475673165507681,0.014580960726003744,A_cost_weighted,noise,0.2
0.9039556962025317,0.025578401565820988,0.0,0.0,1.0,0.0,0.0,0.0,0.036075949367088606,0.026533257995258967,3.5,0.0,0,3160,57,1580,3160,0,0.0009475673165507681,0.04477901759943241,A_cost_weighted,noise,0.3
0.8707278481012658,0.0234863112006098,0.0,0.0,1.0,0.0,0.0,0.0,0.08544303797468354,0.03856347343972766,3.5003164556962028,0.0007076164485757873,0,3160,135,1580,3160,0,0.0009475673165507681,0.09790781895060888,A_cost_weighted,noise,0.4
0.8386075949367088,0.02157940141928141,0.0,0.0,1.0,0.0,0.0,0.0,0.13734177215189872,0.04718268470806017,3.500949367088608,0.0008666496163055255,0,3160,217,1580,3160,0,0.0009475673165507681,0.15240212269376507,A_cost_weighted,noise,0.5
0.9591772151898734,0.024764048369601815,0.0,0.0,1.0,0.0,0.0,0.0,0.0,0.0,3.5,0.0,0,3160,0,1580,3160,0,0.0009475673165507681,0.001894236749282019,A_cost_weighted,drift,0.1
0.9444620253164556,0.03276023436204104,0.0,0.0,1.0,0.0,0.0,0.0,0.0,0.0,3.5,0.0,0,3160,0,1580,3160,0,0.0009475673165507681,0.001894236749282019,A_cost_weighted,drift,0.2
0.9365506329113924,0.034977839655193105,0.0,0.0,1.0,0.0,0.0,0.0,0.0,0.0,3.5,0.0,0,3160,0,1580,3160,0,0.0009475673165507681,0.001894236749282019,A_cost_weighted,drift,0.3
0.9261075949367088,0.0373958723635183,0.0,0.0,1.0,0.0,0.0,0.0,0.0,0.0,3.5,0.0,0,3160,0,1580,3160,0,0.0009475673165507681,0.001894236749282019,A_cost_weighted,drift,0.4
0.9080696202531644,0.05028061776024821,0.0,0.0,1.0,0.0,0.0,0.0,0.0006329113924050633,0.0014152328971517656,3.4848101265822784,0.03396558953164236,0,3160,1,1580,3160,0,0.0009475673165507681,0.002998891043992928,A_cost_weighted,drift,0.5
0.8846518987341773,0.09635738182852056,0.0,0.0,1.0,0.0,0.0,0.0,0.12848101265822784,0.2872922781218084,3.5,0.0,0,3160,203,1580,3160,0,0.0009475673165507681,0.14315816116445662,A_cost_weighted,dropout,1.0
0.7941455696202532,0.057702748065177556,0.00031645569620253165,0.0007076164485758828,0.9996835443037975,0.0007076164485758866,0.0,0.0,0.08354430379746836,0.12375400469195048,3.4765822784810125,0.05236361719461541,1,3160,132,1580,3159,0,0.0015003339422676668,0.09589478502941078,A_cost_weighted,dropout,2.0
0.8107594936708862,0.11616203472032907,0.0,0.0,0.9924050632911392,0.015275339729300197,0.00759493670886076,0.015275339729300216,0.14113924050632912,0.3138308865432175,3.437658227848101,0.09278683922004631,0,3160,223,1580,3136,24,0.0009475673165507681,0.15635765648069255,A_cost_weighted,dropout,3.0
0.7251582278481011,0.13198232397079032,0.0,0.0,1.0,0.0,0.0,0.0,0.20822784810126582,0.33413735617679996,3.4617088607594937,0.05644766006834261,0,3160,329,1580,3160,0,0.0009475673165507681,0.22574288042918825,A_cost_weighted,dropout,4.0
0.6944620253164557,0.07420995721302745,0.005379746835443038,0.0103515362239216,0.9943037974683545,0.010290894013613359,0.00031645569620253165,0.0007076164485758828,0.18227848101265823,0.35529533923263873,3.518354430379747,0.1432447116939984,17,3160,288,1580,3142,1,0.00805852104994029,0.1990048927063435,A_cost_weighted,dropout,5.0
0.39746835443037976,0.11705465852343569,0.0,0.0,1.0,0.0,0.0,0.0,0.7930379746835443,0.4435778807879255,3.655696202531645,0.22229914608676593,0,3160,1253,1580,3160,0,0.0009475673165507681,0.8097061094545804,A_cost_weighted,dropout,6.0
0.34984177215189877,0.11253715849149351,0.0,0.0,1.0,0.0,0.0,0.0,1.0,0.0,3.1996835443037974,0.22507431698298705,0,3160,1580,1580,3160,0,0.0009475673165507681,1.0,A_cost_weighted,dropout,7.0
0.9645569620253165,0.0251515097311499,0.0,0.0,1.0,0.0,0.0,0.0,0.0,0.0,3.5,0.0,0,3160,0,1580,3160,0,0.0009475673165507681,0.001894236749282019,B_unweighted,clean,0.0
0.955379746835443,0.024877524059536152,0.0,0.0,1.0,0.0,0.0,0.0,0.0006329113924050633,0.0014152328971517656,3.5,0.0,0,3160,1,1580,3160,0,0.0009475673165507681,0.002998891043992928,B_unweighted,noise,0.1
0.9384493670886076,0.02405765845088421,0.0,0.0,1.0,0.0,0.0,0.0,0.004430379746835443,0.006933196930445142,3.5,0.0,0,3160,7,1580,3160,0,0.0009475673165507681,0.008305405475127363,B_unweighted,noise,0.2
0.9131329113924049,0.027487961852188575,0.0,0.0,1.0,0.0,0.0,0.0,0.028481012658227844,0.021579401419281417,3.5,0.0,0,3160,45,1580,3160,0,0.0009475673165507681,0.036368452182614974,B_unweighted,noise,0.3
0.8787974683544304,0.025466820077343483,0.0,0.0,0.9996835443037975,0.0007076164485758866,0.00031645569620253165,0.0007076164485758828,0.07025316455696203,0.024451194648204885,3.4990506329113926,0.0021228493457275603,0,3160,111,1580,3159,1,0.0009475673165507681,0.0817513267687982,B_unweighted,noise,0.4
0.8462025316455698,0.023552841023987612,0.0006329113924050633,0.0008666496163056425,0.9987341772151899,0.0013238291559083545,0.0006329113924050633,0.0008666496163056425,0.12025316455696203,0.02703798653581497,3.496518987341772,0.003608150079427603,2,3160,190,1580,3156,2,0.001990985964690498,0.13455519839507663,B_unweighted,noise,0.5
0.9606012658227847,0.025607748627657193,0.0,0.0,1.0,0.0,0.0,0.0,0.0,0.0,3.5,0.0,0,3160,0,1580,3160,0,0.0009475673165507681,0.001894236749282019,B_unweighted,drift,0.1
0.9474683544303797,0.034632566423905574,0.0,0.0,1.0,0.0,0.0,0.0,0.0,0.0,3.5,0.0,0,3160,0,1580,3160,0,0.0009475673165507681,0.001894236749282019,B_unweighted,drift,0.2
0.9401898734177216,0.03814160964926307,0.0,0.0,1.0,0.0,0.0,0.0,0.0,0.0,3.5,0.0,0,3160,0,1580,3160,0,0.0009475673165507681,0.001894236749282019,B_unweighted,drift,0.3
0.930379746835443,0.0470278878541219,0.0,0.0,1.0,0.0,0.0,0.0,0.0006329113924050633,0.0014152328971517656,3.5,0.0,0,3160,1,1580,3160,0,0.0009475673165507681,0.002998891043992928,B_unweighted,drift,0.4
0.9098101265822784,0.05952501362650845,0.0,0.0,1.0,0.0,0.0,0.0,0.00189873417721519,0.0042456986914552975,3.4813291139240503,0.04174937046597701,0,3160,3,1580,3160,0,0.0009475673165507681,0.004899999662721966,B_unweighted,drift,0.5
0.8955696202531647,0.0941006833747806,0.0,0.0,1.0,0.0,0.0,0.0,0.14240506329113925,0.3184274018591473,3.5,0.0,0,3160,225,1580,3160,0,0.0009475673165507681,0.1576753802461104,B_unweighted,dropout,1.0
0.8126582278481014,0.046261017257226936,0.0012658227848101266,0.0028304657943035313,0.9987341772151899,0.0028304657943035464,0.0,0.0,0.06139240506329113,0.08311406285533045,3.4642405063291135,0.07907910626245136,4,3160,97,1580,3156,0,0.0028943218261995897,0.07226345118769102,B_unweighted,dropout,2.0
0.8014240506329113,0.09080886300038764,0.000949367088607595,0.0021228493457276488,0.9879746835443038,0.016692850499877124,0.011075949367088608,0.01733299232611285,0.1468354430379747,0.2951244173688231,3.424050632911392,0.10512927811875053,3,3160,232,1580,3122,35,0.002451843754708184,0.162284397652551,B_unweighted,dropout,3.0
0.6756329113924051,0.14014111075816166,0.0,0.0,1.0,0.0,0.0,0.0,0.20949367088607596,0.38371737541430223,3.433860759493671,0.060462916739046316,0,3160,331,1580,3160,0,0.0009475673165507681,0.22704439417334424,B_unweighted,dropout,4.0
0.7087025316455696,0.07510074417312061,0.0189873417721519,0.04071101370338167,0.980379746835443,0.04036516144662874,0.0006329113924050633,0.0014152328971517656,0.1221518987341772,0.25581680324212924,3.452215189873418,0.21455602852565672,60,3160,193,1580,3098,2,0.023487260387156865,0.1365422310076435,B_unweighted,dropout,5.0
0.4125,0.11508642463207297,0.0,0.0,1.0,0.0,0.0,0.0,0.7867088607594936,0.4405081478210674,3.6132911392405065,0.2766287110171556,0,3160,1243,1580,3160,0,0.0009475673165507681,0.8035719494856901,B_unweighted,dropout,6.0
0.272626582278481,0.03217321193812701,0.0,0.0,1.0,0.0,0.0,0.0,1.0,0.0,3.2098101265822785,0.39670028283925235,0,3160,1580,1580,3160,0,0.0009475673165507681,1.0,B_unweighted,dropout,7.0
0.961392405063291,0.013888944524448353,0.0,0.0,1.0,0.0,0.0,0.0,0.0,0.0,3.5,0.0,0,3160,0,1580,3160,0,0.0009475673165507681,0.001894236749282019,D_mlp,clean,0.0
0.9556962025316456,0.018995581018264176,0.0,0.0,1.0,0.0,0.0,0.0,0.0,0.0,3.5,0.0,0,3160,0,1580,3160,0,0.0009475673165507681,0.001894236749282019,D_mlp,noise,0.1
0.9420886075949367,0.023418256066427244,0.0,0.0,1.0,0.0,0.0,0.0,0.0,0.0,3.5,0.0,0,3160,0,1580,3160,0,0.0009475673165507681,0.001894236749282019,D_mlp,noise,0.2
0.9218354430379747,0.024005568623715712,0.0,0.0,1.0,0.0,0.0,0.0,0.0,0.0,3.5003164556962028,0.0007076164485757873,0,3160,0,1580,3160,0,0.0009475673165507681,0.001894236749282019,D_mlp,noise,0.3
0.9004746835443038,0.02253289002394668,0.0006329113924050633,0.0008666496163056425,0.9981012658227849,0.0007076164485758866,0.0012658227848101266,0.0007076164485758828,0.0006329113924050633,0.0014152328971517656,3.4949367088607595,0.0028304657943035464,2,3160,1,1580,3154,4,0.001990985964690498,0.002998891043992928,D_mlp,noise,0.4
0.8765822784810127,0.017566141860106445,0.000949367088607595,0.0014152328971517654,0.9943037974683545,0.003642678618107997,0.004746835443037975,0.0029601719832072324,0.00569620253164557,0.005199897697833855,3.486392405063291,0.01047176715681921,3,3160,9,1580,3142,15,0.002451843754708184,0.009918921397141256,D_mlp,noise,0.5
0.959018987341772,0.016149708072345566,0.0,0.0,1.0,0.0,0.0,0.0,0.0,0.0,3.5,0.0,0,3160,0,1580,3160,0,0.0009475673165507681,0.001894236749282019,D_mlp,drift,0.1
0.9542721518987343,0.01829397233983144,0.0,0.0,1.0,0.0,0.0,0.0,0.0,0.0,3.5,0.0,0,3160,0,1580,3160,0,0.0009475673165507681,0.001894236749282019,D_mlp,drift,0.2
0.9450949367088608,0.02794637077476882,0.0,0.0,1.0,0.0,0.0,0.0,0.0,0.0,3.5,0.0,0,3160,0,1580,3160,0,0.0009475673165507681,0.001894236749282019,D_mlp,drift,0.3
0.9371835443037975,0.02764236430623096,0.00031645569620253165,0.0007076164485758828,0.9996835443037975,0.0007076164485758866,0.0,0.0,0.0,0.0,3.49873417721519,0.0028304657943035464,1,3160,0,1580,3159,0,0.0015003339422676668,0.001894236749282019,D_mlp,drift,0.4
0.9319620253164557,0.02979666073618116,0.0006329113924050633,0.0014152328971517656,0.999367088607595,0.0014152328971517732,0.0,0.0,0.0,0.0,3.49746835443038,0.005660931588607093,2,3160,0,1580,3158,0,0.001990985964690498,0.001894236749282019,D_mlp,drift,0.5
0.9132911392405063,0.05015036575366849,0.0,0.0,1.0,0.0,0.0,0.0,0.0,0.0,3.5,0.0,0,3160,0,1580,3160,0,0.0009475673165507681,0.001894236749282019,D_mlp,dropout,1.0
0.8751582278481014,0.03611791086176532,0.01930379746835443,0.04316460336312885,0.9806962025316455,0.043164603363128835,0.0,0.0,0.0,0.0,3.412658227848101,0.19618785673988676,61,3160,0,1580,3099,0,0.023835769689312187,0.001894236749282019,D_mlp,dropout,2.0
0.8634493670886076,0.08151153321627598,0.004746835443037975,0.006713039061897603,0.9939873417721519,0.006933196930445118,0.0012658227848101266,0.001733299232611285,0.015822784810126583,0.035380822428794145,3.431962025316455,0.12838900490570113,15,3160,25,1580,3141,4,0.007299851558580569,0.022029326899497183,D_mlp,dropout,3.0
0.7628164556962026,0.054506565573281686,0.03196202531645569,0.05286325864648531,0.960126582278481,0.056801373313105426,0.007911392405063292,0.017690411214397073,0.006962025316455696,0.015567561868669422,3.344620253164557,0.22375230442383914,101,3160,11,1580,3034,25,0.03760018123174597,0.011497457544241089,D_mlp,dropout,4.0
0.7139240506329114,0.0687440366090019,0.09050632911392405,0.10735849859231822,0.8981012658227849,0.12104999159301551,0.01139240506329114,0.016572431611109065,0.0012658227848101266,0.0028304657943035313,3.158860759493671,0.5486989535071805,286,3160,2,1580,2838,36,0.09934326259757578,0.0039792660803813365,D_mlp,dropout,5.0
0.5606012658227848,0.15139685019510332,0.19556962025316457,0.2670199833851371,0.8044303797468355,0.2670199833851371,0.0,0.0,0.08227848101265824,0.16685349780334263,2.8218354430379753,0.9328518672076829,618,3160,130,1580,2542,0,0.20754070858422244,0.09455179593365588,D_mlp,dropout,6.0
0.35,0.13693063937629152,0.5,0.5,0.5,0.5,0.0,0.0,0.2,0.44721359549995804,1.9,2.0124611797498106,1580,3160,316,1580,1580,0,0.5147841488396816,0.21727695026209803,D_mlp,dropout,7.0
0.9346518987341772,0.06027369992974248,0.009177215189873418,0.0205208770087006,0.9905063291139241,0.021228493457276496,0.00031645569620253165,0.0007076164485758828,0.0,0.0,3.4721518987341775,0.06227024747467762,29,3160,0,1580,3130,1,0.012492074054823651,0.001894236749282019,E_gbm,clean,0.0
0.9180379746835443,0.05535600757015187,0.011392405063291141,0.02371834915259904,0.9876582278481013,0.024952887831271392,0.000949367088607595,0.0014152328971517654,0.0,0.0,3.4642405063291144,0.07291025238648148,36,3160,0,1580,3121,3,0.015017023000581484,0.001894236749282019,E_gbm,noise,0.1
0.897626582278481,0.05471344192652774,0.013924050632911389,0.029376737557150253,0.9832278481012657,0.032245111815899584,0.0028481012658227852,0.003430298004537785,0.0,0.0,3.453164556962025,0.0924150874569793,44,3160,0,1580,3107,9,0.017867047242872133,0.001894236749282019,E_gbm,noise,0.2
0.8726265822784811,0.0627024640868578,0.010126582278481013,0.021769989957424296,0.9778481012658228,0.03751034680737247,0.012025316455696202,0.016351912256663055,0.0,0.0,3.4493670886075956,0.0950816404276812,32,3160,0,1580,3090,38,0.01357837663138263,0.001894236749282019,E_gbm,noise,0.3
0.8462025316455698,0.06632040553641348,0.011392405063291141,0.020429169964024562,0.9699367088607594,0.04198259228297974,0.018670886075949366,0.022415922062881507,0.00569620253164557,0.007879683289866287,3.440822784810126,0.10608702285030368,36,3160,9,1580,3065,59,0.015017023000581484,0.009918921397141256,E_gbm,noise,0.4
0.8155063291139241,0.06749859796653203,0.012341772151898734,0.014519075629056282,0.966139240506329,0.0384268960746556,0.021518987341772152,0.024578851330017287,0.01708860759493671,0.012776347619105283,3.44746835443038,0.09602097082745863,39,3160,27,1580,3053,68,0.0160896649923028,0.02348946172287754,E_gbm,noise,0.5
0.9313291139240507,0.05948662175448845,0.0066455696202531635,0.014859945420093536,0.9917721518987342,0.014389167777708408,0.0015822784810126584,0.003538082242879414,0.0,0.0,3.4768987341772153,0.04335558531215983,21,3160,0,1580,3134,5,0.009555760659786146,0.001894236749282019,E_gbm,drift,0.1
0.926740506329114,0.06719236438701916,0.004746835443037975,0.006713039061897602,0.9876582278481013,0.02058178802722672,0.00759493670886076,0.01698279476582119,0.0,0.0,3.470569620253164,0.04582601918790069,15,3160,0,1580,3121,24,0.007299851558580569,0.001894236749282019,E_gbm,drift,0.2
0.9121835443037976,0.08887209054482763,0.003164556962025317,0.0062294366091865585,0.9670886075949368,0.07271081819673939,0.029746835443037974,0.06651594616613297,0.0,0.0,3.434493670886076,0.1438377300339417,10,3160,0,1580,3056,94,0.005361877757156768,0.001894236749282019,E_gbm,drift,0.3
0.8759493670886076,0.14897952259737177,0.004113924050632911,0.009199013831486476,0.9123417721518987,0.19600975625551956,0.08354430379746836,0.18681074242403306,0.0,0.0,3.3243670886075947,0.392727128959615,13,3160,0,1580,2883,264,0.006532749029873951,0.001894236749282019,E_gbm,drift,0.4
0.8664556962025316,0.15715558355820086,0.011075949367088608,0.024766575700155898,0.9018987341772153,0.21409344652636517,0.0870253164556962,0.18933203408707525,0.0,0.0,3.2917721518987344,0.4421167524544091,35,3160,0,1580,2850,275,0.014658317340524949,0.001894236749282019,E_gbm,drift,0.5
0.8238924050632912,0.12048014263465888,0.051582278481012656,0.053395745074421005,0.8060126582278482,0.24626069079753307,0.14240506329113925,0.1954962532901147,0.0,0.0,3.0762658227848103,0.5271533577186794,163,3160,0,1580,2547,450,0.05852728879786495,0.001894236749282019,E_gbm,dropout,1.0
0.7626582278481013,0.07216950637365001,0.11708860759493671,0.15677737071182477,0.7661392405063292,0.22585715949988433,0.11677215189873418,0.1688536545105372,0.0,0.0,2.7541139240506327,0.6778947111349328,370,3160,0,1580,2421,369,0.12691857256643452,0.001894236749282019,E_gbm,dropout,2.0
0.7020569620253164,0.09991026808493249,0.09462025316455697,0.14152505874524166,0.731012658227848,0.25432634925302394,0.17436708860759492,0.23682010179730525,0.0,0.0,2.886392405063291,0.8197595307106804,299,3160,0,1580,2310,551,0.1036232917171263,0.001894236749282019,E_gbm,dropout,3.0
0.617246835443038,0.14004661830844567,0.10474683544303798,0.21949345188548489,0.7082278481012658,0.42987131406874457,0.1870253164556962,0.4155498304568219,0.0,0.0,2.787025316455696,1.1969147635189512,331,3160,0,1580,2238,591,0.11413833941938123,0.001894236749282019,E_gbm,dropout,4.0
0.5362341772151898,0.04483882412613629,0.12784810126582277,0.12159581069797672,0.5462025316455696,0.3385436323120105,0.3259493670886076,0.325605462547585,0.0,0.0,2.3987341772151898,1.0600445131656715,404,3160,0,1580,1726,1030,0.13803281399972597,0.001894236749282019,E_gbm,dropout,5.0
0.47136075949367084,0.130946569966639,0.21582278481012657,0.35952486938967365,0.6496835443037975,0.4808247259455321,0.13449367088607594,0.3007369906447502,0.0,0.0,2.733227848101266,1.737818551857362,682,3160,0,1580,2053,425,0.22821121337784714,0.001894236749282019,E_gbm,dropout,6.0
0.439873417721519,0.10105390950072415,0.195253164556962,0.4365993487713196,0.604746835443038,0.5412877322358779,0.2,0.44721359549995804,0.0,0.0,2.6189873417721516,1.9179115918672778,617,3160,0,1580,1911,632,0.2072173648663882,0.001894236749282019,E_gbm,dropout,7.0
0.9501582278481011,0.05419448164019986,0.0,0.0,1.0,0.0,0.0,0.0,0.0,0.0,3.5,0.0,0,3160,0,1580,3160,0,0.0009475673165507681,0.001894236749282019,RF,clean,0.0
0.9359177215189873,0.05930906586706113,0.0,0.0,1.0,0.0,0.0,0.0,0.0,0.0,3.5,0.0,0,3160,0,1580,3160,0,0.0009475673165507681,0.001894236749282019,RF,noise,0.1
0.9224683544303798,0.05991802604038444,0.0,0.0,1.0,0.0,0.0,0.0,0.0,0.0,3.5,0.0,0,3160,0,1580,3160,0,0.0009475673165507681,0.001894236749282019,RF,noise,0.2
0.904746835443038,0.06020096581493083,0.0,0.0,1.0,0.0,0.0,0.0,0.0,0.0,3.5,0.0,0,3160,0,1580,3160,0,0.0009475673165507681,0.001894236749282019,RF,noise,0.3
0.8841772151898735,0.05203988600697825,0.0,0.0,0.9996835443037975,0.0007076164485758866,0.00031645569620253165,0.0007076164485758828,0.0006329113924050633,0.0014152328971517656,3.501898734177215,0.003608150079427671,0,3160,1,1580,3159,1,0.0009475673165507681,0.002998891043992928,RF,noise,0.4
0.8658227848101265,0.0488191249616922,0.0,0.0,0.9996835443037975,0.0007076164485758866,0.00031645569620253165,0.0007076164485758828,0.006962025316455697,0.0034665984652225705,3.5072784810126576,0.006087146854959312,0,3160,11,1580,3159,1,0.0009475673165507681,0.011497457544241089,RF,noise,0.5
0.9476265822784808,0.05475575218232105,0.0,0.0,1.0,0.0,0.0,0.0,0.0,0.0,3.5,0.0,0,3160,0,1580,3160,0,0.0009475673165507681,0.001894236749282019,RF,drift,0.1
0.9397151898734177,0.05697136438912899,0.0,0.0,1.0,0.0,0.0,0.0,0.0,0.0,3.5,0.0,0,3160,0,1580,3160,0,0.0009475673165507681,0.001894236749282019,RF,drift,0.2
0.9332278481012658,0.05983596906710584,0.0,0.0,1.0,0.0,0.0,0.0,0.0,0.0,3.5,0.0,0,3160,0,1580,3160,0,0.0009475673165507681,0.001894236749282019,RF,drift,0.3
0.9281645569620254,0.06165152724441352,0.0,0.0,1.0,0.0,0.0,0.0,0.0,0.0,3.5,0.0,0,3160,0,1580,3160,0,0.0009475673165507681,0.001894236749282019,RF,drift,0.4
0.9248417721518987,0.062427353229020564,0.0,0.0,1.0,0.0,0.0,0.0,0.0,0.0,3.5,0.0,0,3160,0,1580,3160,0,0.0009475673165507681,0.001894236749282019,RF,drift,0.5
0.9417721518987342,0.0607237376660498,0.0,0.0,1.0,0.0,0.0,0.0,0.006962025316455696,0.015567561868669422,3.5,0.0,0,3160,11,1580,3160,0,0.0009475673165507681,0.011497457544241089,RF,dropout,1.0
0.9140822784810128,0.06547507739204031,0.0,0.0,1.0,0.0,0.0,0.0,0.006329113924050634,0.014152328971517658,3.4813291139240503,0.04174937046597701,0,3160,10,1580,3160,0,0.0009475673165507681,0.010711929645353255,RF,dropout,2.0
0.8473101265822784,0.06626942323951035,0.0,0.0,1.0,0.0,0.0,0.0,0.02848101265822785,0.06368548037182946,3.5582278481012657,0.18229674772219986,0,3160,45,1580,3160,0,0.0009475673165507681,0.036368452182614974,RF,dropout,3.0
0.8020569620253164,0.07990976299000273,0.0,0.0,1.0,0.0,0.0,0.0,0.06329113924050633,0.1345588077561348,3.5411392405063298,0.04984805063931452,0,3160,100,1580,3160,0,0.0009475673165507681,0.07430108981667628,RF,dropout,4.0
0.6321202531645569,0.15877378128525504,0.0,0.0,1.0,0.0,0.0,0.0,0.019620253164556962,0.0421254716260601,3.8642405063291143,0.21630794331677317,0,3160,31,1580,3160,0,0.0009475673165507681,0.026388484913705865,RF,dropout,5.0
0.5151898734177215,0.15050205064662187,0.0,0.0,1.0,0.0,0.0,0.0,0.2569620253164557,0.43329245202580535,3.942088607594937,0.1277321193428223,0,3160,406,1580,3160,0,0.0009475673165507681,0.275686706888383,RF,dropout,6.0
0.37025316455696206,0.11774825943402999,0.0,0.0,1.0,0.0,0.0,0.0,0.5189873417721518,0.47099303773611995,4.0,0.0,0,3160,820,1580,3160,0,0.0009475673165507681,0.5399405700809635,RF,dropout,7.0
0.9286392405063291,0.030215926648067735,0.0,0.0,1.0,0.0,0.0,0.0,0.0,0.0,3.5003164556962028,0.0007076164485757873,0,3160,0,1580,3160,0,0.0009475673165507681,0.001894236749282019,ThresholdRule,clean,0.0
0.9112341772151898,0.025844958214044846,0.0,0.0,1.0,0.0,0.0,0.0,0.0,0.0,3.5132911392405064,0.02205562260975044,0,3160,0,1580,3160,0,0.0009475673165507681,0.001894236749282019,ThresholdRule,noise,0.1
0.8613924050632912,0.01214598435318057,0.0006329113924050633,0.0008666496163056425,0.999367088607595,0.0008666496163056472,0.0,0.0,0.0006329113924050633,0.0014152328971517656,3.5405063291139243,0.030468620004837813,2,3160,1,1580,3158,0,0.001990985964690498,0.002998891043992928,ThresholdRule,noise,0.2
0.8113924050632912,0.017247924132402247,0.005063291139240506,0.0051757681119608,0.9933544303797468,0.006933196930445123,0.0015822784810126584,0.001937887454733527,0.01708860759493671,0.008550162079814112,3.55253164556962,0.030423392961479116,16,3160,27,1580,3139,5,0.007680144096084395,0.02348946172287754,ThresholdRule,noise,0.3
0.7632911392405063,0.014538461689268832,0.012341772151898734,0.006368548037182946,0.9816455696202532,0.008417364606500244,0.006012658227848101,0.003608150079427652,0.056329113924050635,0.007555276193869188,3.5392405063291137,0.03868339208168081,39,3160,89,1580,3102,19,0.0160896649923028,0.06681638689486004,ThresholdRule,noise,0.4
0.7142405063291138,0.016140016114398657,0.020253164556962026,0.008476642554417008,0.966139240506329,0.01661769095331154,0.01360759493670886,0.008564790254888833,0.10316455696202534,0.023426272814331326,3.5098101265822783,0.05879394261206277,64,3160,163,1580,3053,43,0.024879666255958943,0.1166205286261317,ThresholdRule,noise,0.5
0.9106012658227849,0.04428613458942087,0.0,0.0,1.0,0.0,0.0,0.0,0.0,0.0,3.5,0.0,0,3160,0,1580,3160,0,0.0009475673165507681,0.001894236749282019,ThresholdRule,drift,0.1
0.8768987341772151,0.05652245566774665,0.0,0.0,1.0,0.0,0.0,0.0,0.0,0.0,3.5,0.0,0,3160,0,1580,3160,0,0.0009475673165507681,0.001894236749282019,ThresholdRule,drift,0.2
0.8390822784810126,0.078377905421898,0.0,0.0,1.0,0.0,0.0,0.0,0.0,0.0,3.5,0.0,0,3160,0,1580,3160,0,0.0009475673165507681,0.001894236749282019,ThresholdRule,drift,0.3
0.7988924050632911,0.08879705389349037,0.00031645569620253165,0.0007076164485758828,0.9996835443037975,0.0007076164485758866,0.0,0.0,0.0,0.0,3.508227848101266,0.01638250519689222,1,3160,0,1580,3159,0,0.0015003339422676668,0.001894236749282019,ThresholdRule,drift,0.4
0.7450949367088608,0.1025073469019816,0.002848101265822785,0.006368548037182946,0.9968354430379748,0.007076164485758816,0.00031645569620253165,0.0007076164485758828,0.0,0.0,3.526898734177215,0.09872454107472467,9,3160,0,1580,3150,1,0.00496473260619035,0.001894236749282019,ThresholdRule,drift,0.5
0.7224683544303797,0.18139996434335878,0.0,0.0,1.0,0.0,0.0,0.0,0.2,0.447213595499958,3.7,0.27386127875258304,0,3160,316,1580,3160,0,0.0009475673165507681,0.21727695026209803,ThresholdRule,dropout,1.0
0.6647151898734178,0.1278790381168123,0.0,0.0,1.0,0.0,0.0,0.0,0.2,0.447213595499958,3.4436708860759495,0.331022717493642,0,3160,316,1580,3160,0,0.0009475673165507681,0.21727695026209803,ThresholdRule,dropout,2.0
0.5849683544303798,0.08101281274708365,0.0,0.0,1.0,0.0,0.0,0.0,0.2,0.447213595499958,3.7462025316455696,0.36030395400627024,0,3160,316,1580,3160,0,0.0009475673165507681,0.21727695026209803,ThresholdRule,dropout,3.0
0.4284810126582279,0.14273169292093563,0.0,0.0,1.0,0.0,0.0,0.0,0.4,0.5477225575051662,3.8227848101265822,0.39626521120249425,0,3160,632,1580,3160,0,0.0009475673165507681,0.4207146028054847,ThresholdRule,dropout,4.0
0.3731012658227848,0.12507208304565262,0.0,0.0,1.0,0.0,0.0,0.0,0.6,0.5477225575051662,3.8462025316455692,0.3439015940078791,0,3160,948,1580,3160,0,0.0009475673165507681,0.6204389672810082,ThresholdRule,dropout,5.0
0.3,0.11180339887498951,0.0,0.0,1.0,0.0,0.0,0.0,0.8,0.44721359549995804,4.0,0.0,0,3160,1264,1580,3160,0,0.0009475673165507681,0.8164464778653883,ThresholdRule,dropout,6.0
0.25,0.0,0.0,0.0,1.0,0.0,0.0,0.0,1.0,0.0,4.0,0.0,0,3160,1580,1580,3160,0,0.0009475673165507681,1.0,ThresholdRule,dropout,7.0
