held_out,model,seed,n_danger,miss_k,esc_k,under_esc_k,miss_rate,escalation,under_escalation
Smoke,A_cost_weighted,42,1581,0,1581,0,0.0,1.0,0.0
Smoke,A_cost_weighted,1337,1581,0,1581,0,0.0,1.0,0.0
Smoke,A_cost_weighted,7,1581,0,1581,0,0.0,1.0,0.0
Smoke,A_cost_weighted,2024,1581,0,1581,0,0.0,1.0,0.0
Smoke,A_cost_weighted,99,1581,0,1581,0,0.0,1.0,0.0
Smoke,Ordinal,42,1581,0,1543,38,0.0,0.9759645793801391,0.02403542061986085
Smoke,Ordinal,1337,1581,0,1553,28,0.0,0.9822896900695762,0.017710309930423784
Smoke,Ordinal,7,1581,0,1560,21,0.0,0.9867172675521821,0.013282732447817837
Smoke,Ordinal,2024,1581,0,1563,18,0.0,0.9886148007590133,0.011385199240986717
Smoke,Ordinal,99,1581,0,1555,26,0.0,0.9835547122074636,0.01644528779253637
Smoke,B_unweighted,42,1581,0,1581,0,0.0,1.0,0.0
Smoke,B_unweighted,1337,1581,0,1581,0,0.0,1.0,0.0
Smoke,B_unweighted,7,1581,0,1581,0,0.0,1.0,0.0
Smoke,B_unweighted,2024,1581,0,1581,0,0.0,1.0,0.0
Smoke,B_unweighted,99,1581,0,1581,0,0.0,1.0,0.0
Smoke,D_mlp,42,1581,30,1526,25,0.018975332068311195,0.9652118912080961,0.015812776723592662
Smoke,D_mlp,1337,1581,23,1558,0,0.01454775458570525,0.9854522454142948,0.0
Smoke,D_mlp,7,1581,216,1357,8,0.1366223908918406,0.8583175205566097,0.005060088551549652
Smoke,D_mlp,2024,1581,234,1347,0,0.14800759013282733,0.8519924098671727,0.0
Smoke,D_mlp,99,1581,4,1576,1,0.002530044275774826,0.9968374446552815,0.0006325110689437065
Smoke,E_gbm,42,1581,0,1581,0,0.0,1.0,0.0
Smoke,E_gbm,1337,1581,0,1581,0,0.0,1.0,0.0
Smoke,E_gbm,7,1581,0,1581,0,0.0,1.0,0.0
Smoke,E_gbm,2024,1581,0,1581,0,0.0,1.0,0.0
Smoke,E_gbm,99,1581,0,1581,0,0.0,1.0,0.0
Smoke,SVM,42,1581,2,1434,145,0.001265022137887413,0.9070208728652751,0.09171410499683745
Smoke,SVM,1337,1581,4,1434,143,0.002530044275774826,0.9070208728652751,0.09044908285895004
Smoke,SVM,7,1581,5,1502,74,0.0031625553447185324,0.9500316255534472,0.04680581910183428
Smoke,SVM,2024,1581,0,1514,67,0.0,0.9576217583807717,0.04237824161922834
Smoke,SVM,99,1581,7,1448,126,0.004427577482605946,0.915876027830487,0.07969639468690702
Smoke,RF,42,1581,0,1581,0,0.0,1.0,0.0
Smoke,RF,1337,1581,0,1581,0,0.0,1.0,0.0
Smoke,RF,7,1581,0,1581,0,0.0,1.0,0.0
Smoke,RF,2024,1581,0,1581,0,0.0,1.0,0.0
Smoke,RF,99,1581,0,1581,0,0.0,1.0,0.0
Smoke,LSTM,42,1581,0,1581,0,0.0,1.0,0.0
Smoke,LSTM,1337,1581,27,1551,3,0.017077798861480076,0.9810246679316889,0.0018975332068311196
Smoke,LSTM,7,1581,31,1550,0,0.0196078431372549,0.9803921568627451,0.0
Smoke,LSTM,2024,1581,0,1581,0,0.0,1.0,0.0
Smoke,LSTM,99,1581,0,1581,0,0.0,1.0,0.0
Smoke,CQL,42,1581,0,1581,0,0.0,1.0,0.0
Smoke,CQL,1337,1581,0,1581,0,0.0,1.0,0.0
Smoke,CQL,7,1581,0,1581,0,0.0,1.0,0.0
Smoke,CQL,2024,1581,0,1581,0,0.0,1.0,0.0
Smoke,CQL,99,1581,0,1581,0,0.0,1.0,0.0
Smoke,KNN,42,1581,43,1490,48,0.02719797596457938,0.9424414927261227,0.030360531309297913
Smoke,KNN,1337,1581,17,1483,81,0.010752688172043012,0.9380139152435167,0.051233396584440226
Smoke,KNN,7,1581,12,1503,66,0.007590132827324478,0.9506641366223909,0.04174573055028463
Smoke,KNN,2024,1581,15,1486,80,0.009487666034155597,0.9399114484503479,0.05060088551549652
Smoke,KNN,99,1581,8,1491,82,0.005060088551549652,0.9430740037950665,0.05186590765338393
Smoke,ThresholdRule,42,1581,0,1581,0,0.0,1.0,0.0
Smoke,ThresholdRule,1337,1581,0,1581,0,0.0,1.0,0.0
Smoke,ThresholdRule,7,1581,0,1581,0,0.0,1.0,0.0
Smoke,ThresholdRule,2024,1581,0,1581,0,0.0,1.0,0.0
Smoke,ThresholdRule,99,1581,0,1581,0,0.0,1.0,0.0
Mixture,A_cost_weighted,42,1581,0,197,1384,0.0,0.12460468058191018,0.8753953194180898
Mixture,A_cost_weighted,1337,1581,0,131,1450,0.0,0.08285895003162555,0.9171410499683744
Mixture,A_cost_weighted,7,1581,0,870,711,0.0,0.5502846299810247,0.4497153700189753
Mixture,A_cost_weighted,2024,1581,2,327,1252,0.001265022137887413,0.20683111954459202,0.7919038583175205
Mixture,A_cost_weighted,99,1581,0,525,1056,0.0,0.33206831119544594,0.6679316888045541
Mixture,Ordinal,42,1581,0,368,1213,0.0,0.232764073371284,0.767235926628716
Mixture,Ordinal,1337,1581,0,711,870,0.0,0.4497153700189753,0.5502846299810247
Mixture,Ordinal,7,1581,0,1065,516,0.0,0.6736242884250474,0.32637571157495254
Mixture,Ordinal,2024,1581,0,308,1273,0.0,0.19481340923466162,0.8051865907653384
Mixture,Ordinal,99,1581,0,597,984,0.0,0.3776091081593928,0.6223908918406073
Mixture,B_unweighted,42,1581,0,59,1522,0.0,0.03731815306767868,0.9626818469323213
Mixture,B_unweighted,1337,1581,0,460,1121,0.0,0.290955091714105,0.709044908285895
Mixture,B_unweighted,7,1581,6,894,681,0.003795066413662239,0.5654648956356736,0.4307400379506641
Mixture,B_unweighted,2024,1581,0,269,1312,0.0,0.17014547754585704,0.8298545224541429
Mixture,B_unweighted,99,1581,0,439,1142,0.0,0.27767235926628714,0.7223276407337128
Mixture,D_mlp,42,1581,0,141,1440,0.0,0.08918406072106262,0.9108159392789373
Mixture,D_mlp,1337,1581,0,615,966,0.0,0.3889943074003795,0.6110056925996205
Mixture,D_mlp,7,1581,24,328,1229,0.015180265654648957,0.20746363061353573,0.7773561037318153
Mixture,D_mlp,2024,1581,54,217,1310,0.03415559772296015,0.13725490196078433,0.8285895003162556
Mixture,D_mlp,99,1581,0,417,1164,0.0,0.2637571157495256,0.7362428842504743
Mixture,E_gbm,42,1581,0,1581,0,0.0,1.0,0.0
Mixture,E_gbm,1337,1581,0,1581,0,0.0,1.0,0.0
Mixture,E_gbm,7,1581,0,1581,0,0.0,1.0,0.0
Mixture,E_gbm,2024,1581,0,1581,0,0.0,1.0,0.0
Mixture,E_gbm,99,1581,0,1581,0,0.0,1.0,0.0
Mixture,SVM,42,1581,1,1,1579,0.0006325110689437065,0.0006325110689437065,0.9987349778621126
Mixture,SVM,1337,1581,0,6,1575,0.0,0.003795066413662239,0.9962049335863378
Mixture,SVM,7,1581,1,30,1550,0.0006325110689437065,0.018975332068311195,0.9803921568627451
Mixture,SVM,2024,1581,0,1,1580,0.0,0.0006325110689437065,0.9993674889310563
Mixture,SVM,99,1581,0,1,1580,0.0,0.0006325110689437065,0.9993674889310563
Mixture,RF,42,1581,0,1567,14,0.0,0.9911448450347881,0.008855154965211892
Mixture,RF,1337,1581,0,1551,30,0.0,0.9810246679316889,0.018975332068311195
Mixture,RF,7,1581,0,1579,2,0.0,0.9987349778621126,0.001265022137887413
Mixture,RF,2024,1581,0,1512,69,0.0,0.9563567362428842,0.04364326375711575
Mixture,RF,99,1581,0,1562,19,0.0,0.9879822896900696,0.012017710309930424
Mixture,LSTM,42,1581,11,1228,342,0.006957621758380772,0.7767235926628716,0.21631878557874762
Mixture,LSTM,1337,1581,17,1164,400,0.010752688172043012,0.7362428842504743,0.2530044275774826
Mixture,LSTM,7,1581,32,1202,347,0.02024035420619861,0.7602783048703352,0.21948134092346616
Mixture,LSTM,2024,1581,0,849,732,0.0,0.5370018975332068,0.4629981024667932
Mixture,LSTM,99,1581,0,885,696,0.0,0.5597722960151803,0.44022770398481975
Mixture,CQL,42,1581,0,279,1302,0.0,0.17647058823529413,0.8235294117647058
Mixture,CQL,1337,1581,0,384,1197,0.0,0.2428842504743833,0.7571157495256167
Mixture,CQL,7,1581,0,1260,321,0.0,0.7969639468690702,0.2030360531309298
Mixture,CQL,2024,1581,0,811,770,0.0,0.512966476913346,0.48703352308665404
Mixture,CQL,99,1581,0,974,607,0.0,0.6160657811511702,0.38393421884882983
Mixture,KNN,42,1581,31,271,1279,0.0196078431372549,0.17141049968374447,0.8089816571790006
Mixture,KNN,1337,1581,28,307,1246,0.017710309930423784,0.1941808981657179,0.7881087919038583
Mixture,KNN,7,1581,80,512,989,0.05060088551549652,0.32384566729917774,0.6255534471853258
Mixture,KNN,2024,1581,38,278,1265,0.02403542061986085,0.17583807716635041,0.8001265022137888
Mixture,KNN,99,1581,24,227,1330,0.015180265654648957,0.14358001265022138,0.8412397216951296
Mixture,ThresholdRule,42,1581,489,459,633,0.3092979127134725,0.2903225806451613,0.40037950664136623
Mixture,ThresholdRule,1337,1581,988,405,188,0.624920936116382,0.25616698292220114,0.11891208096141682
Mixture,ThresholdRule,7,1581,489,459,633,0.3092979127134725,0.2903225806451613,0.40037950664136623
Mixture,ThresholdRule,2024,1581,0,1581,0,0.0,1.0,0.0
Mixture,ThresholdRule,99,1581,0,1581,0,0.0,1.0,0.0
