model,perturbation,level,on_delay,off_delay,n_clean_windows,indications_mean,episodes_mean,episodes_std,indications_per_hour,episodes_per_hour,compression
A_cost_weighted,clean,0.0,1,5,316.0,0.0,0.0,0.0,0.0,0.0,
A_cost_weighted,clean,0.0,1,10,316.0,0.0,0.0,0.0,0.0,0.0,
A_cost_weighted,clean,0.0,1,15,316.0,0.0,0.0,0.0,0.0,0.0,
A_cost_weighted,clean,0.0,1,30,316.0,0.0,0.0,0.0,0.0,0.0,
A_cost_weighted,clean,0.0,1,60,316.0,0.0,0.0,0.0,0.0,0.0,
A_cost_weighted,clean,0.0,2,5,316.0,0.0,0.0,0.0,0.0,0.0,
A_cost_weighted,clean,0.0,2,10,316.0,0.0,0.0,0.0,0.0,0.0,
A_cost_weighted,clean,0.0,2,15,316.0,0.0,0.0,0.0,0.0,0.0,
A_cost_weighted,clean,0.0,2,30,316.0,0.0,0.0,0.0,0.0,0.0,
A_cost_weighted,clean,0.0,2,60,316.0,0.0,0.0,0.0,0.0,0.0,
A_cost_weighted,clean,0.0,3,5,316.0,0.0,0.0,0.0,0.0,0.0,
A_cost_weighted,clean,0.0,3,10,316.0,0.0,0.0,0.0,0.0,0.0,
A_cost_weighted,clean,0.0,3,15,316.0,0.0,0.0,0.0,0.0,0.0,
A_cost_weighted,clean,0.0,3,30,316.0,0.0,0.0,0.0,0.0,0.0,
A_cost_weighted,clean,0.0,3,60,316.0,0.0,0.0,0.0,0.0,0.0,
A_cost_weighted,clean,0.0,5,5,316.0,0.0,0.0,0.0,0.0,0.0,
A_cost_weighted,clean,0.0,5,10,316.0,0.0,0.0,0.0,0.0,0.0,
A_cost_weighted,clean,0.0,5,15,316.0,0.0,0.0,0.0,0.0,0.0,
A_cost_weighted,clean,0.0,5,30,316.0,0.0,0.0,0.0,0.0,0.0,
A_cost_weighted,clean,0.0,5,60,316.0,0.0,0.0,0.0,0.0,0.0,
A_cost_weighted,clean,0.0,10,5,316.0,0.0,0.0,0.0,0.0,0.0,
A_cost_weighted,clean,0.0,10,10,316.0,0.0,0.0,0.0,0.0,0.0,
A_cost_weighted,clean,0.0,10,15,316.0,0.0,0.0,0.0,0.0,0.0,
A_cost_weighted,clean,0.0,10,30,316.0,0.0,0.0,0.0,0.0,0.0,
A_cost_weighted,clean,0.0,10,60,316.0,0.0,0.0,0.0,0.0,0.0,
A_cost_weighted,dropout,1.0,1,5,316.0,40.6,1.8,3.6,231.26582278481013,10.253164556962025,22.555555555555557
A_cost_weighted,dropout,1.0,1,10,316.0,40.6,1.0,2.0,231.26582278481013,5.69620253164557,40.6
A_cost_weighted,dropout,1.0,1,15,316.0,40.6,1.0,2.0,231.26582278481013,5.69620253164557,40.6
A_cost_weighted,dropout,1.0,1,30,316.0,40.6,0.4,0.8,231.26582278481013,2.278481012658228,101.5
A_cost_weighted,dropout,1.0,1,60,316.0,40.6,0.2,0.4,231.26582278481013,1.139240506329114,203.0
A_cost_weighted,dropout,1.0,2,5,316.0,40.6,1.4,2.8,231.26582278481013,7.974683544303797,29.000000000000004
A_cost_weighted,dropout,1.0,2,10,316.0,40.6,1.0,2.0,231.26582278481013,5.69620253164557,40.6
A_cost_weighted,dropout,1.0,2,15,316.0,40.6,1.0,2.0,231.26582278481013,5.69620253164557,40.6
A_cost_weighted,dropout,1.0,2,30,316.0,40.6,0.4,0.8,231.26582278481013,2.278481012658228,101.5
A_cost_weighted,dropout,1.0,2,60,316.0,40.6,0.2,0.4,231.26582278481013,1.139240506329114,203.0
A_cost_weighted,dropout,1.0,3,5,316.0,40.6,1.4,2.8,231.26582278481013,7.974683544303797,29.000000000000004
A_cost_weighted,dropout,1.0,3,10,316.0,40.6,1.0,2.0,231.26582278481013,5.69620253164557,40.6
A_cost_weighted,dropout,1.0,3,15,316.0,40.6,1.0,2.0,231.26582278481013,5.69620253164557,40.6
A_cost_weighted,dropout,1.0,3,30,316.0,40.6,0.4,0.8,231.26582278481013,2.278481012658228,101.5
A_cost_weighted,dropout,1.0,3,60,316.0,40.6,0.2,0.4,231.26582278481013,1.139240506329114,203.0
A_cost_weighted,dropout,1.0,5,5,316.0,40.6,1.2,2.4,231.26582278481013,6.8354430379746836,33.833333333333336
A_cost_weighted,dropout,1.0,5,10,316.0,40.6,1.0,2.0,231.26582278481013,5.69620253164557,40.6
A_cost_weighted,dropout,1.0,5,15,316.0,40.6,1.0,2.0,231.26582278481013,5.69620253164557,40.6
A_cost_weighted,dropout,1.0,5,30,316.0,40.6,0.4,0.8,231.26582278481013,2.278481012658228,101.5
A_cost_weighted,dropout,1.0,5,60,316.0,40.6,0.2,0.4,231.26582278481013,1.139240506329114,203.0
A_cost_weighted,dropout,1.0,10,5,316.0,40.6,1.0,2.0,231.26582278481013,5.69620253164557,40.6
A_cost_weighted,dropout,1.0,10,10,316.0,40.6,1.0,2.0,231.26582278481013,5.69620253164557,40.6
A_cost_weighted,dropout,1.0,10,15,316.0,40.6,1.0,2.0,231.26582278481013,5.69620253164557,40.6
A_cost_weighted,dropout,1.0,10,30,316.0,40.6,0.4,0.8,231.26582278481013,2.278481012658228,101.5
A_cost_weighted,dropout,1.0,10,60,316.0,40.6,0.2,0.4,231.26582278481013,1.139240506329114,203.0
A_cost_weighted,dropout,4.0,1,5,316.0,65.8,3.4,2.939387691339814,374.8101265822785,19.367088607594937,19.352941176470587
A_cost_weighted,dropout,4.0,1,10,316.0,65.8,2.4,2.0591260281974,374.8101265822785,13.670886075949367,27.416666666666668
A_cost_weighted,dropout,4.0,1,15,316.0,65.8,2.0,1.7888543819998317,374.8101265822785,11.39240506329114,32.9
A_cost_weighted,dropout,4.0,1,30,316.0,65.8,1.8,1.8330302779823362,374.8101265822785,10.253164556962025,36.55555555555555
A_cost_weighted,dropout,4.0,1,60,316.0,65.8,1.2,1.1661903789690602,374.8101265822785,6.8354430379746836,54.833333333333336
A_cost_weighted,dropout,4.0,2,5,316.0,65.8,3.2,2.7129319932501077,374.8101265822785,18.227848101265824,20.562499999999996
A_cost_weighted,dropout,4.0,2,10,316.0,65.8,2.4,2.0591260281974,374.8101265822785,13.670886075949367,27.416666666666668
A_cost_weighted,dropout,4.0,2,15,316.0,65.8,2.0,1.7888543819998317,374.8101265822785,11.39240506329114,32.9
A_cost_weighted,dropout,4.0,2,30,316.0,65.8,1.8,1.8330302779823362,374.8101265822785,10.253164556962025,36.55555555555555
A_cost_weighted,dropout,4.0,2,60,316.0,65.8,1.2,1.1661903789690602,374.8101265822785,6.8354430379746836,54.833333333333336
A_cost_weighted,dropout,4.0,3,5,316.0,65.8,2.6,2.33238075793812,374.8101265822785,14.810126582278482,25.307692307692307
A_cost_weighted,dropout,4.0,3,10,316.0,65.8,2.0,1.6733200530681511,374.8101265822785,11.39240506329114,32.9
A_cost_weighted,dropout,4.0,3,15,316.0,65.8,1.8,1.6,374.8101265822785,10.253164556962025,36.55555555555555
A_cost_weighted,dropout,4.0,3,30,316.0,65.8,1.6,1.624807680927192,374.8101265822785,9.113924050632912,41.12499999999999
A_cost_weighted,dropout,4.0,3,60,316.0,65.8,1.0,0.8944271909999159,374.8101265822785,5.69620253164557,65.8
A_cost_weighted,dropout,4.0,5,5,316.0,65.8,2.4,2.244994432064365,374.8101265822785,13.670886075949367,27.416666666666668
A_cost_weighted,dropout,4.0,5,10,316.0,65.8,1.8,1.4696938456699067,374.8101265822785,10.253164556962025,36.55555555555555
A_cost_weighted,dropout,4.0,5,15,316.0,65.8,1.6,1.3564659966250538,374.8101265822785,9.113924050632912,41.12499999999999
A_cost_weighted,dropout,4.0,5,30,316.0,65.8,1.4,1.3564659966250538,374.8101265822785,7.974683544303797,47.0
A_cost_weighted,dropout,4.0,5,60,316.0,65.8,0.8,0.7483314773547883,374.8101265822785,4.556962025316456,82.24999999999999
A_cost_weighted,dropout,4.0,10,5,316.0,65.8,1.8,1.8330302779823362,374.8101265822785,10.253164556962025,36.55555555555555
A_cost_weighted,dropout,4.0,10,10,316.0,65.8,1.4,1.2,374.8101265822785,7.974683544303797,47.0
A_cost_weighted,dropout,4.0,10,15,316.0,65.8,1.2,0.9797958971132713,374.8101265822785,6.8354430379746836,54.833333333333336
A_cost_weighted,dropout,4.0,10,30,316.0,65.8,1.0,0.8944271909999159,374.8101265822785,5.69620253164557,65.8
A_cost_weighted,dropout,4.0,10,60,316.0,65.8,0.8,0.7483314773547883,374.8101265822785,4.556962025316456,82.24999999999999
A_cost_weighted,dropout,7.0,1,5,316.0,316.0,1.0,0.0,1800.0,5.69620253164557,316.0
A_cost_weighted,dropout,7.0,1,10,316.0,316.0,1.0,0.0,1800.0,5.69620253164557,316.0
A_cost_weighted,dropout,7.0,1,15,316.0,316.0,1.0,0.0,1800.0,5.69620253164557,316.0
A_cost_weighted,dropout,7.0,1,30,316.0,316.0,1.0,0.0,1800.0,5.69620253164557,316.0
A_cost_weighted,dropout,7.0,1,60,316.0,316.0,1.0,0.0,1800.0,5.69620253164557,316.0
A_cost_weighted,dropout,7.0,2,5,316.0,316.0,1.0,0.0,1800.0,5.69620253164557,316.0
A_cost_weighted,dropout,7.0,2,10,316.0,316.0,1.0,0.0,1800.0,5.69620253164557,316.0
A_cost_weighted,dropout,7.0,2,15,316.0,316.0,1.0,0.0,1800.0,5.69620253164557,316.0
A_cost_weighted,dropout,7.0,2,30,316.0,316.0,1.0,0.0,1800.0,5.69620253164557,316.0
A_cost_weighted,dropout,7.0,2,60,316.0,316.0,1.0,0.0,1800.0,5.69620253164557,316.0
A_cost_weighted,dropout,7.0,3,5,316.0,316.0,1.0,0.0,1800.0,5.69620253164557,316.0
A_cost_weighted,dropout,7.0,3,10,316.0,316.0,1.0,0.0,1800.0,5.69620253164557,316.0
A_cost_weighted,dropout,7.0,3,15,316.0,316.0,1.0,0.0,1800.0,5.69620253164557,316.0
A_cost_weighted,dropout,7.0,3,30,316.0,316.0,1.0,0.0,1800.0,5.69620253164557,316.0
A_cost_weighted,dropout,7.0,3,60,316.0,316.0,1.0,0.0,1800.0,5.69620253164557,316.0
A_cost_weighted,dropout,7.0,5,5,316.0,316.0,1.0,0.0,1800.0,5.69620253164557,316.0
A_cost_weighted,dropout,7.0,5,10,316.0,316.0,1.0,0.0,1800.0,5.69620253164557,316.0
A_cost_weighted,dropout,7.0,5,15,316.0,316.0,1.0,0.0,1800.0,5.69620253164557,316.0
A_cost_weighted,dropout,7.0,5,30,316.0,316.0,1.0,0.0,1800.0,5.69620253164557,316.0
A_cost_weighted,dropout,7.0,5,60,316.0,316.0,1.0,0.0,1800.0,5.69620253164557,316.0
A_cost_weighted,dropout,7.0,10,5,316.0,316.0,1.0,0.0,1800.0,5.69620253164557,316.0
A_cost_weighted,dropout,7.0,10,10,316.0,316.0,1.0,0.0,1800.0,5.69620253164557,316.0
A_cost_weighted,dropout,7.0,10,15,316.0,316.0,1.0,0.0,1800.0,5.69620253164557,316.0
A_cost_weighted,dropout,7.0,10,30,316.0,316.0,1.0,0.0,1800.0,5.69620253164557,316.0
A_cost_weighted,dropout,7.0,10,60,316.0,316.0,1.0,0.0,1800.0,5.69620253164557,316.0
A_cost_weighted,drift,0.3,1,5,316.0,0.0,0.0,0.0,0.0,0.0,
A_cost_weighted,drift,0.3,1,10,316.0,0.0,0.0,0.0,0.0,0.0,
A_cost_weighted,drift,0.3,1,15,316.0,0.0,0.0,0.0,0.0,0.0,
A_cost_weighted,drift,0.3,1,30,316.0,0.0,0.0,0.0,0.0,0.0,
A_cost_weighted,drift,0.3,1,60,316.0,0.0,0.0,0.0,0.0,0.0,
A_cost_weighted,drift,0.3,2,5,316.0,0.0,0.0,0.0,0.0,0.0,
A_cost_weighted,drift,0.3,2,10,316.0,0.0,0.0,0.0,0.0,0.0,
A_cost_weighted,drift,0.3,2,15,316.0,0.0,0.0,0.0,0.0,0.0,
A_cost_weighted,drift,0.3,2,30,316.0,0.0,0.0,0.0,0.0,0.0,
A_cost_weighted,drift,0.3,2,60,316.0,0.0,0.0,0.0,0.0,0.0,
A_cost_weighted,drift,0.3,3,5,316.0,0.0,0.0,0.0,0.0,0.0,
A_cost_weighted,drift,0.3,3,10,316.0,0.0,0.0,0.0,0.0,0.0,
A_cost_weighted,drift,0.3,3,15,316.0,0.0,0.0,0.0,0.0,0.0,
A_cost_weighted,drift,0.3,3,30,316.0,0.0,0.0,0.0,0.0,0.0,
A_cost_weighted,drift,0.3,3,60,316.0,0.0,0.0,0.0,0.0,0.0,
A_cost_weighted,drift,0.3,5,5,316.0,0.0,0.0,0.0,0.0,0.0,
A_cost_weighted,drift,0.3,5,10,316.0,0.0,0.0,0.0,0.0,0.0,
A_cost_weighted,drift,0.3,5,15,316.0,0.0,0.0,0.0,0.0,0.0,
A_cost_weighted,drift,0.3,5,30,316.0,0.0,0.0,0.0,0.0,0.0,
A_cost_weighted,drift,0.3,5,60,316.0,0.0,0.0,0.0,0.0,0.0,
A_cost_weighted,drift,0.3,10,5,316.0,0.0,0.0,0.0,0.0,0.0,
A_cost_weighted,drift,0.3,10,10,316.0,0.0,0.0,0.0,0.0,0.0,
A_cost_weighted,drift,0.3,10,15,316.0,0.0,0.0,0.0,0.0,0.0,
A_cost_weighted,drift,0.3,10,30,316.0,0.0,0.0,0.0,0.0,0.0,
A_cost_weighted,drift,0.3,10,60,316.0,0.0,0.0,0.0,0.0,0.0,
A_cost_weighted,drift,0.5,1,5,316.0,0.2,0.2,0.4000000000000001,1.139240506329114,1.139240506329114,1.0
A_cost_weighted,drift,0.5,1,10,316.0,0.2,0.2,0.4000000000000001,1.139240506329114,1.139240506329114,1.0
A_cost_weighted,drift,0.5,1,15,316.0,0.2,0.2,0.4000000000000001,1.139240506329114,1.139240506329114,1.0
A_cost_weighted,drift,0.5,1,30,316.0,0.2,0.2,0.4000000000000001,1.139240506329114,1.139240506329114,1.0
A_cost_weighted,drift,0.5,1,60,316.0,0.2,0.2,0.4000000000000001,1.139240506329114,1.139240506329114,1.0
A_cost_weighted,drift,0.5,2,5,316.0,0.2,0.0,0.0,1.139240506329114,0.0,
A_cost_weighted,drift,0.5,2,10,316.0,0.2,0.0,0.0,1.139240506329114,0.0,
A_cost_weighted,drift,0.5,2,15,316.0,0.2,0.0,0.0,1.139240506329114,0.0,
A_cost_weighted,drift,0.5,2,30,316.0,0.2,0.0,0.0,1.139240506329114,0.0,
A_cost_weighted,drift,0.5,2,60,316.0,0.2,0.0,0.0,1.139240506329114,0.0,
A_cost_weighted,drift,0.5,3,5,316.0,0.2,0.0,0.0,1.139240506329114,0.0,
A_cost_weighted,drift,0.5,3,10,316.0,0.2,0.0,0.0,1.139240506329114,0.0,
A_cost_weighted,drift,0.5,3,15,316.0,0.2,0.0,0.0,1.139240506329114,0.0,
A_cost_weighted,drift,0.5,3,30,316.0,0.2,0.0,0.0,1.139240506329114,0.0,
A_cost_weighted,drift,0.5,3,60,316.0,0.2,0.0,0.0,1.139240506329114,0.0,
A_cost_weighted,drift,0.5,5,5,316.0,0.2,0.0,0.0,1.139240506329114,0.0,
A_cost_weighted,drift,0.5,5,10,316.0,0.2,0.0,0.0,1.139240506329114,0.0,
A_cost_weighted,drift,0.5,5,15,316.0,0.2,0.0,0.0,1.139240506329114,0.0,
A_cost_weighted,drift,0.5,5,30,316.0,0.2,0.0,0.0,1.139240506329114,0.0,
A_cost_weighted,drift,0.5,5,60,316.0,0.2,0.0,0.0,1.139240506329114,0.0,
A_cost_weighted,drift,0.5,10,5,316.0,0.2,0.0,0.0,1.139240506329114,0.0,
A_cost_weighted,drift,0.5,10,10,316.0,0.2,0.0,0.0,1.139240506329114,0.0,
A_cost_weighted,drift,0.5,10,15,316.0,0.2,0.0,0.0,1.139240506329114,0.0,
A_cost_weighted,drift,0.5,10,30,316.0,0.2,0.0,0.0,1.139240506329114,0.0,
A_cost_weighted,drift,0.5,10,60,316.0,0.2,0.0,0.0,1.139240506329114,0.0,
A_cost_weighted,noise,0.3,1,5,316.0,11.4,8.8,4.749736834815167,64.9367088607595,50.12658227848102,1.2954545454545454
A_cost_weighted,noise,0.3,1,10,316.0,11.4,6.4,2.4166091947189146,64.9367088607595,36.45569620253165,1.78125
A_cost_weighted,noise,0.3,1,15,316.0,11.4,5.2,1.8330302779823362,64.9367088607595,29.620253164556964,2.1923076923076925
A_cost_weighted,noise,0.3,1,30,316.0,11.4,3.8,0.7483314773547882,64.9367088607595,21.645569620253166,3.0000000000000004
A_cost_weighted,noise,0.3,1,60,316.0,11.4,1.8,0.7483314773547883,64.9367088607595,10.253164556962025,6.333333333333333
A_cost_weighted,noise,0.3,2,5,316.0,11.4,0.2,0.4000000000000001,64.9367088607595,1.139240506329114,57.0
A_cost_weighted,noise,0.3,2,10,316.0,11.4,0.2,0.4000000000000001,64.9367088607595,1.139240506329114,57.0
A_cost_weighted,noise,0.3,2,15,316.0,11.4,0.2,0.4000000000000001,64.9367088607595,1.139240506329114,57.0
A_cost_weighted,noise,0.3,2,30,316.0,11.4,0.2,0.4000000000000001,64.9367088607595,1.139240506329114,57.0
A_cost_weighted,noise,0.3,2,60,316.0,11.4,0.2,0.4000000000000001,64.9367088607595,1.139240506329114,57.0
A_cost_weighted,noise,0.3,3,5,316.0,11.4,0.0,0.0,64.9367088607595,0.0,
A_cost_weighted,noise,0.3,3,10,316.0,11.4,0.0,0.0,64.9367088607595,0.0,
A_cost_weighted,noise,0.3,3,15,316.0,11.4,0.0,0.0,64.9367088607595,0.0,
A_cost_weighted,noise,0.3,3,30,316.0,11.4,0.0,0.0,64.9367088607595,0.0,
A_cost_weighted,noise,0.3,3,60,316.0,11.4,0.0,0.0,64.9367088607595,0.0,
A_cost_weighted,noise,0.3,5,5,316.0,11.4,0.0,0.0,64.9367088607595,0.0,
A_cost_weighted,noise,0.3,5,10,316.0,11.4,0.0,0.0,64.9367088607595,0.0,
A_cost_weighted,noise,0.3,5,15,316.0,11.4,0.0,0.0,64.9367088607595,0.0,
A_cost_weighted,noise,0.3,5,30,316.0,11.4,0.0,0.0,64.9367088607595,0.0,
A_cost_weighted,noise,0.3,5,60,316.0,11.4,0.0,0.0,64.9367088607595,0.0,
A_cost_weighted,noise,0.3,10,5,316.0,11.4,0.0,0.0,64.9367088607595,0.0,
A_cost_weighted,noise,0.3,10,10,316.0,11.4,0.0,0.0,64.9367088607595,0.0,
A_cost_weighted,noise,0.3,10,15,316.0,11.4,0.0,0.0,64.9367088607595,0.0,
A_cost_weighted,noise,0.3,10,30,316.0,11.4,0.0,0.0,64.9367088607595,0.0,
A_cost_weighted,noise,0.3,10,60,316.0,11.4,0.0,0.0,64.9367088607595,0.0,
A_cost_weighted,noise,0.5,1,5,316.0,43.4,17.2,2.7129319932501073,247.21518987341773,97.9746835443038,2.5232558139534884
A_cost_weighted,noise,0.5,1,10,316.0,43.4,10.2,2.7129319932501073,247.21518987341773,58.10126582278481,4.254901960784314
A_cost_weighted,noise,0.5,1,15,316.0,43.4,6.6,0.7999999999999999,247.21518987341773,37.59493670886076,6.575757575757576
A_cost_weighted,noise,0.5,1,30,316.0,43.4,2.6,1.7435595774162693,247.21518987341773,14.810126582278482,16.69230769230769
A_cost_weighted,noise,0.5,1,60,316.0,43.4,1.0,0.0,247.21518987341773,5.69620253164557,43.4
A_cost_weighted,noise,0.5,2,5,316.0,43.4,5.0,1.5491933384829668,247.21518987341773,28.481012658227847,8.68
A_cost_weighted,noise,0.5,2,10,316.0,43.4,4.2,1.6,247.21518987341773,23.924050632911392,10.333333333333332
A_cost_weighted,noise,0.5,2,15,316.0,43.4,2.8,0.7483314773547882,247.21518987341773,15.949367088607595,15.5
A_cost_weighted,noise,0.5,2,30,316.0,43.4,1.6,0.4898979485566356,247.21518987341773,9.113924050632912,27.124999999999996
A_cost_weighted,noise,0.5,2,60,316.0,43.4,1.0,0.0,247.21518987341773,5.69620253164557,43.4
A_cost_weighted,noise,0.5,3,5,316.0,43.4,0.8,0.7483314773547883,247.21518987341773,4.556962025316456,54.24999999999999
A_cost_weighted,noise,0.5,3,10,316.0,43.4,0.8,0.7483314773547883,247.21518987341773,4.556962025316456,54.24999999999999
A_cost_weighted,noise,0.5,3,15,316.0,43.4,0.8,0.7483314773547883,247.21518987341773,4.556962025316456,54.24999999999999
A_cost_weighted,noise,0.5,3,30,316.0,43.4,0.8,0.7483314773547883,247.21518987341773,4.556962025316456,54.24999999999999
A_cost_weighted,noise,0.5,3,60,316.0,43.4,0.6,0.48989794855663565,247.21518987341773,3.4177215189873418,72.33333333333333
A_cost_weighted,noise,0.5,5,5,316.0,43.4,0.2,0.4000000000000001,247.21518987341773,1.139240506329114,216.99999999999997
A_cost_weighted,noise,0.5,5,10,316.0,43.4,0.2,0.4000000000000001,247.21518987341773,1.139240506329114,216.99999999999997
A_cost_weighted,noise,0.5,5,15,316.0,43.4,0.2,0.4000000000000001,247.21518987341773,1.139240506329114,216.99999999999997
A_cost_weighted,noise,0.5,5,30,316.0,43.4,0.2,0.4000000000000001,247.21518987341773,1.139240506329114,216.99999999999997
A_cost_weighted,noise,0.5,5,60,316.0,43.4,0.2,0.4000000000000001,247.21518987341773,1.139240506329114,216.99999999999997
A_cost_weighted,noise,0.5,10,5,316.0,43.4,0.0,0.0,247.21518987341773,0.0,
A_cost_weighted,noise,0.5,10,10,316.0,43.4,0.0,0.0,247.21518987341773,0.0,
A_cost_weighted,noise,0.5,10,15,316.0,43.4,0.0,0.0,247.21518987341773,0.0,
A_cost_weighted,noise,0.5,10,30,316.0,43.4,0.0,0.0,247.21518987341773,0.0,
A_cost_weighted,noise,0.5,10,60,316.0,43.4,0.0,0.0,247.21518987341773,0.0,
B_unweighted,clean,0.0,1,5,316.0,0.0,0.0,0.0,0.0,0.0,
B_unweighted,clean,0.0,1,10,316.0,0.0,0.0,0.0,0.0,0.0,
B_unweighted,clean,0.0,1,15,316.0,0.0,0.0,0.0,0.0,0.0,
B_unweighted,clean,0.0,1,30,316.0,0.0,0.0,0.0,0.0,0.0,
B_unweighted,clean,0.0,1,60,316.0,0.0,0.0,0.0,0.0,0.0,
B_unweighted,clean,0.0,2,5,316.0,0.0,0.0,0.0,0.0,0.0,
B_unweighted,clean,0.0,2,10,316.0,0.0,0.0,0.0,0.0,0.0,
B_unweighted,clean,0.0,2,15,316.0,0.0,0.0,0.0,0.0,0.0,
B_unweighted,clean,0.0,2,30,316.0,0.0,0.0,0.0,0.0,0.0,
B_unweighted,clean,0.0,2,60,316.0,0.0,0.0,0.0,0.0,0.0,
B_unweighted,clean,0.0,3,5,316.0,0.0,0.0,0.0,0.0,0.0,
B_unweighted,clean,0.0,3,10,316.0,0.0,0.0,0.0,0.0,0.0,
B_unweighted,clean,0.0,3,15,316.0,0.0,0.0,0.0,0.0,0.0,
B_unweighted,clean,0.0,3,30,316.0,0.0,0.0,0.0,0.0,0.0,
B_unweighted,clean,0.0,3,60,316.0,0.0,0.0,0.0,0.0,0.0,
B_unweighted,clean,0.0,5,5,316.0,0.0,0.0,0.0,0.0,0.0,
B_unweighted,clean,0.0,5,10,316.0,0.0,0.0,0.0,0.0,0.0,
B_unweighted,clean,0.0,5,15,316.0,0.0,0.0,0.0,0.0,0.0,
B_unweighted,clean,0.0,5,30,316.0,0.0,0.0,0.0,0.0,0.0,
B_unweighted,clean,0.0,5,60,316.0,0.0,0.0,0.0,0.0,0.0,
B_unweighted,clean,0.0,10,5,316.0,0.0,0.0,0.0,0.0,0.0,
B_unweighted,clean,0.0,10,10,316.0,0.0,0.0,0.0,0.0,0.0,
B_unweighted,clean,0.0,10,15,316.0,0.0,0.0,0.0,0.0,0.0,
B_unweighted,clean,0.0,10,30,316.0,0.0,0.0,0.0,0.0,0.0,
B_unweighted,clean,0.0,10,60,316.0,0.0,0.0,0.0,0.0,0.0,
B_unweighted,dropout,1.0,1,5,316.0,45.0,1.4,2.8,256.32911392405066,7.974683544303797,32.142857142857146
B_unweighted,dropout,1.0,1,10,316.0,45.0,1.0,2.0,256.32911392405066,5.69620253164557,45.0
B_unweighted,dropout,1.0,1,15,316.0,45.0,0.6,1.2,256.32911392405066,3.4177215189873418,75.0
B_unweighted,dropout,1.0,1,30,316.0,45.0,0.2,0.4,256.32911392405066,1.139240506329114,225.0
B_unweighted,dropout,1.0,1,60,316.0,45.0,0.2,0.4,256.32911392405066,1.139240506329114,225.0
B_unweighted,dropout,1.0,2,5,316.0,45.0,1.2,2.4,256.32911392405066,6.8354430379746836,37.5
B_unweighted,dropout,1.0,2,10,316.0,45.0,1.0,2.0,256.32911392405066,5.69620253164557,45.0
B_unweighted,dropout,1.0,2,15,316.0,45.0,0.6,1.2,256.32911392405066,3.4177215189873418,75.0
B_unweighted,dropout,1.0,2,30,316.0,45.0,0.2,0.4,256.32911392405066,1.139240506329114,225.0
B_unweighted,dropout,1.0,2,60,316.0,45.0,0.2,0.4,256.32911392405066,1.139240506329114,225.0
B_unweighted,dropout,1.0,3,5,316.0,45.0,1.0,2.0,256.32911392405066,5.69620253164557,45.0
B_unweighted,dropout,1.0,3,10,316.0,45.0,1.0,2.0,256.32911392405066,5.69620253164557,45.0
B_unweighted,dropout,1.0,3,15,316.0,45.0,0.6,1.2,256.32911392405066,3.4177215189873418,75.0
B_unweighted,dropout,1.0,3,30,316.0,45.0,0.2,0.4,256.32911392405066,1.139240506329114,225.0
B_unweighted,dropout,1.0,3,60,316.0,45.0,0.2,0.4,256.32911392405066,1.139240506329114,225.0
B_unweighted,dropout,1.0,5,5,316.0,45.0,0.8,1.6,256.32911392405066,4.556962025316456,56.25
B_unweighted,dropout,1.0,5,10,316.0,45.0,0.8,1.6,256.32911392405066,4.556962025316456,56.25
B_unweighted,dropout,1.0,5,15,316.0,45.0,0.6,1.2,256.32911392405066,3.4177215189873418,75.0
B_unweighted,dropout,1.0,5,30,316.0,45.0,0.2,0.4,256.32911392405066,1.139240506329114,225.0
B_unweighted,dropout,1.0,5,60,316.0,45.0,0.2,0.4,256.32911392405066,1.139240506329114,225.0
B_unweighted,dropout,1.0,10,5,316.0,45.0,0.8,1.6,256.32911392405066,4.556962025316456,56.25
B_unweighted,dropout,1.0,10,10,316.0,45.0,0.8,1.6,256.32911392405066,4.556962025316456,56.25
B_unweighted,dropout,1.0,10,15,316.0,45.0,0.6,1.2,256.32911392405066,3.4177215189873418,75.0
B_unweighted,dropout,1.0,10,30,316.0,45.0,0.2,0.4,256.32911392405066,1.139240506329114,225.0
B_unweighted,dropout,1.0,10,60,316.0,45.0,0.2,0.4,256.32911392405066,1.139240506329114,225.0
B_unweighted,dropout,4.0,1,5,316.0,66.2,2.6,3.0724582991474434,377.0886075949367,14.810126582278482,25.461538461538463
B_unweighted,dropout,4.0,1,10,316.0,66.2,1.8,2.227105745132009,377.0886075949367,10.253164556962025,36.77777777777778
B_unweighted,dropout,4.0,1,15,316.0,66.2,1.2,1.4696938456699067,377.0886075949367,6.8354430379746836,55.16666666666667
B_unweighted,dropout,4.0,1,30,316.0,66.2,1.2,1.4696938456699067,377.0886075949367,6.8354430379746836,55.16666666666667
B_unweighted,dropout,4.0,1,60,316.0,66.2,0.6,0.48989794855663565,377.0886075949367,3.4177215189873418,110.33333333333334
B_unweighted,dropout,4.0,2,5,316.0,66.2,2.4,2.727636339397171,377.0886075949367,13.670886075949367,27.583333333333336
B_unweighted,dropout,4.0,2,10,316.0,66.2,1.6,1.8547236990991407,377.0886075949367,9.113924050632912,41.375
B_unweighted,dropout,4.0,2,15,316.0,66.2,1.2,1.4696938456699067,377.0886075949367,6.8354430379746836,55.16666666666667
B_unweighted,dropout,4.0,2,30,316.0,66.2,1.2,1.4696938456699067,377.0886075949367,6.8354430379746836,55.16666666666667
B_unweighted,dropout,4.0,2,60,316.0,66.2,0.6,0.48989794855663565,377.0886075949367,3.4177215189873418,110.33333333333334
B_unweighted,dropout,4.0,3,5,316.0,66.2,2.4,2.727636339397171,377.0886075949367,13.670886075949367,27.583333333333336
B_unweighted,dropout,4.0,3,10,316.0,66.2,1.6,1.8547236990991407,377.0886075949367,9.113924050632912,41.375
B_unweighted,dropout,4.0,3,15,316.0,66.2,1.2,1.4696938456699067,377.0886075949367,6.8354430379746836,55.16666666666667
B_unweighted,dropout,4.0,3,30,316.0,66.2,1.2,1.4696938456699067,377.0886075949367,6.8354430379746836,55.16666666666667
B_unweighted,dropout,4.0,3,60,316.0,66.2,0.6,0.48989794855663565,377.0886075949367,3.4177215189873418,110.33333333333334
B_unweighted,dropout,4.0,5,5,316.0,66.2,1.4,1.3564659966250538,377.0886075949367,7.974683544303797,47.28571428571429
B_unweighted,dropout,4.0,5,10,316.0,66.2,1.2,1.16619037896906,377.0886075949367,6.8354430379746836,55.16666666666667
B_unweighted,dropout,4.0,5,15,316.0,66.2,1.0,1.0954451150103321,377.0886075949367,5.69620253164557,66.2
B_unweighted,dropout,4.0,5,30,316.0,66.2,1.0,1.0954451150103321,377.0886075949367,5.69620253164557,66.2
B_unweighted,dropout,4.0,5,60,316.0,66.2,0.6,0.48989794855663565,377.0886075949367,3.4177215189873418,110.33333333333334
B_unweighted,dropout,4.0,10,5,316.0,66.2,0.8,1.1661903789690602,377.0886075949367,4.556962025316456,82.75
B_unweighted,dropout,4.0,10,10,316.0,66.2,0.6,0.7999999999999999,377.0886075949367,3.4177215189873418,110.33333333333334
B_unweighted,dropout,4.0,10,15,316.0,66.2,0.4,0.48989794855663565,377.0886075949367,2.278481012658228,165.5
B_unweighted,dropout,4.0,10,30,316.0,66.2,0.4,0.48989794855663565,377.0886075949367,2.278481012658228,165.5
B_unweighted,dropout,4.0,10,60,316.0,66.2,0.4,0.48989794855663565,377.0886075949367,2.278481012658228,165.5
B_unweighted,dropout,7.0,1,5,316.0,316.0,1.0,0.0,1800.0,5.69620253164557,316.0
B_unweighted,dropout,7.0,1,10,316.0,316.0,1.0,0.0,1800.0,5.69620253164557,316.0
B_unweighted,dropout,7.0,1,15,316.0,316.0,1.0,0.0,1800.0,5.69620253164557,316.0
B_unweighted,dropout,7.0,1,30,316.0,316.0,1.0,0.0,1800.0,5.69620253164557,316.0
B_unweighted,dropout,7.0,1,60,316.0,316.0,1.0,0.0,1800.0,5.69620253164557,316.0
B_unweighted,dropout,7.0,2,5,316.0,316.0,1.0,0.0,1800.0,5.69620253164557,316.0
B_unweighted,dropout,7.0,2,10,316.0,316.0,1.0,0.0,1800.0,5.69620253164557,316.0
B_unweighted,dropout,7.0,2,15,316.0,316.0,1.0,0.0,1800.0,5.69620253164557,316.0
B_unweighted,dropout,7.0,2,30,316.0,316.0,1.0,0.0,1800.0,5.69620253164557,316.0
B_unweighted,dropout,7.0,2,60,316.0,316.0,1.0,0.0,1800.0,5.69620253164557,316.0
B_unweighted,dropout,7.0,3,5,316.0,316.0,1.0,0.0,1800.0,5.69620253164557,316.0
B_unweighted,dropout,7.0,3,10,316.0,316.0,1.0,0.0,1800.0,5.69620253164557,316.0
B_unweighted,dropout,7.0,3,15,316.0,316.0,1.0,0.0,1800.0,5.69620253164557,316.0
B_unweighted,dropout,7.0,3,30,316.0,316.0,1.0,0.0,1800.0,5.69620253164557,316.0
B_unweighted,dropout,7.0,3,60,316.0,316.0,1.0,0.0,1800.0,5.69620253164557,316.0
B_unweighted,dropout,7.0,5,5,316.0,316.0,1.0,0.0,1800.0,5.69620253164557,316.0
B_unweighted,dropout,7.0,5,10,316.0,316.0,1.0,0.0,1800.0,5.69620253164557,316.0
B_unweighted,dropout,7.0,5,15,316.0,316.0,1.0,0.0,1800.0,5.69620253164557,316.0
B_unweighted,dropout,7.0,5,30,316.0,316.0,1.0,0.0,1800.0,5.69620253164557,316.0
B_unweighted,dropout,7.0,5,60,316.0,316.0,1.0,0.0,1800.0,5.69620253164557,316.0
B_unweighted,dropout,7.0,10,5,316.0,316.0,1.0,0.0,1800.0,5.69620253164557,316.0
B_unweighted,dropout,7.0,10,10,316.0,316.0,1.0,0.0,1800.0,5.69620253164557,316.0
B_unweighted,dropout,7.0,10,15,316.0,316.0,1.0,0.0,1800.0,5.69620253164557,316.0
B_unweighted,dropout,7.0,10,30,316.0,316.0,1.0,0.0,1800.0,5.69620253164557,316.0
B_unweighted,dropout,7.0,10,60,316.0,316.0,1.0,0.0,1800.0,5.69620253164557,316.0
B_unweighted,drift,0.3,1,5,316.0,0.0,0.0,0.0,0.0,0.0,
B_unweighted,drift,0.3,1,10,316.0,0.0,0.0,0.0,0.0,0.0,
B_unweighted,drift,0.3,1,15,316.0,0.0,0.0,0.0,0.0,0.0,
B_unweighted,drift,0.3,1,30,316.0,0.0,0.0,0.0,0.0,0.0,
B_unweighted,drift,0.3,1,60,316.0,0.0,0.0,0.0,0.0,0.0,
B_unweighted,drift,0.3,2,5,316.0,0.0,0.0,0.0,0.0,0.0,
B_unweighted,drift,0.3,2,10,316.0,0.0,0.0,0.0,0.0,0.0,
B_unweighted,drift,0.3,2,15,316.0,0.0,0.0,0.0,0.0,0.0,
B_unweighted,drift,0.3,2,30,316.0,0.0,0.0,0.0,0.0,0.0,
B_unweighted,drift,0.3,2,60,316.0,0.0,0.0,0.0,0.0,0.0,
B_unweighted,drift,0.3,3,5,316.0,0.0,0.0,0.0,0.0,0.0,
B_unweighted,drift,0.3,3,10,316.0,0.0,0.0,0.0,0.0,0.0,
B_unweighted,drift,0.3,3,15,316.0,0.0,0.0,0.0,0.0,0.0,
B_unweighted,drift,0.3,3,30,316.0,0.0,0.0,0.0,0.0,0.0,
B_unweighted,drift,0.3,3,60,316.0,0.0,0.0,0.0,0.0,0.0,
B_unweighted,drift,0.3,5,5,316.0,0.0,0.0,0.0,0.0,0.0,
B_unweighted,drift,0.3,5,10,316.0,0.0,0.0,0.0,0.0,0.0,
B_unweighted,drift,0.3,5,15,316.0,0.0,0.0,0.0,0.0,0.0,
B_unweighted,drift,0.3,5,30,316.0,0.0,0.0,0.0,0.0,0.0,
B_unweighted,drift,0.3,5,60,316.0,0.0,0.0,0.0,0.0,0.0,
B_unweighted,drift,0.3,10,5,316.0,0.0,0.0,0.0,0.0,0.0,
B_unweighted,drift,0.3,10,10,316.0,0.0,0.0,0.0,0.0,0.0,
B_unweighted,drift,0.3,10,15,316.0,0.0,0.0,0.0,0.0,0.0,
B_unweighted,drift,0.3,10,30,316.0,0.0,0.0,0.0,0.0,0.0,
B_unweighted,drift,0.3,10,60,316.0,0.0,0.0,0.0,0.0,0.0,
B_unweighted,drift,0.5,1,5,316.0,0.6,0.4,0.8000000000000002,3.4177215189873418,2.278481012658228,1.4999999999999998
B_unweighted,drift,0.5,1,10,316.0,0.6,0.4,0.8000000000000002,3.4177215189873418,2.278481012658228,1.4999999999999998
B_unweighted,drift,0.5,1,15,316.0,0.6,0.4,0.8000000000000002,3.4177215189873418,2.278481012658228,1.4999999999999998
B_unweighted,drift,0.5,1,30,316.0,0.6,0.4,0.8000000000000002,3.4177215189873418,2.278481012658228,1.4999999999999998
B_unweighted,drift,0.5,1,60,316.0,0.6,0.2,0.4000000000000001,3.4177215189873418,1.139240506329114,2.9999999999999996
B_unweighted,drift,0.5,2,5,316.0,0.6,0.2,0.4000000000000001,3.4177215189873418,1.139240506329114,2.9999999999999996
B_unweighted,drift,0.5,2,10,316.0,0.6,0.2,0.4000000000000001,3.4177215189873418,1.139240506329114,2.9999999999999996
B_unweighted,drift,0.5,2,15,316.0,0.6,0.2,0.4000000000000001,3.4177215189873418,1.139240506329114,2.9999999999999996
B_unweighted,drift,0.5,2,30,316.0,0.6,0.2,0.4000000000000001,3.4177215189873418,1.139240506329114,2.9999999999999996
B_unweighted,drift,0.5,2,60,316.0,0.6,0.2,0.4000000000000001,3.4177215189873418,1.139240506329114,2.9999999999999996
B_unweighted,drift,0.5,3,5,316.0,0.6,0.0,0.0,3.4177215189873418,0.0,
B_unweighted,drift,0.5,3,10,316.0,0.6,0.0,0.0,3.4177215189873418,0.0,
B_unweighted,drift,0.5,3,15,316.0,0.6,0.0,0.0,3.4177215189873418,0.0,
B_unweighted,drift,0.5,3,30,316.0,0.6,0.0,0.0,3.4177215189873418,0.0,
B_unweighted,drift,0.5,3,60,316.0,0.6,0.0,0.0,3.4177215189873418,0.0,
B_unweighted,drift,0.5,5,5,316.0,0.6,0.0,0.0,3.4177215189873418,0.0,
B_unweighted,drift,0.5,5,10,316.0,0.6,0.0,0.0,3.4177215189873418,0.0,
B_unweighted,drift,0.5,5,15,316.0,0.6,0.0,0.0,3.4177215189873418,0.0,
B_unweighted,drift,0.5,5,30,316.0,0.6,0.0,0.0,3.4177215189873418,0.0,
B_unweighted,drift,0.5,5,60,316.0,0.6,0.0,0.0,3.4177215189873418,0.0,
B_unweighted,drift,0.5,10,5,316.0,0.6,0.0,0.0,3.4177215189873418,0.0,
B_unweighted,drift,0.5,10,10,316.0,0.6,0.0,0.0,3.4177215189873418,0.0,
B_unweighted,drift,0.5,10,15,316.0,0.6,0.0,0.0,3.4177215189873418,0.0,
B_unweighted,drift,0.5,10,30,316.0,0.6,0.0,0.0,3.4177215189873418,0.0,
B_unweighted,drift,0.5,10,60,316.0,0.6,0.0,0.0,3.4177215189873418,0.0,
B_unweighted,noise,0.3,1,5,316.0,9.0,7.2,3.7629775444453557,51.265822784810126,41.0126582278481,1.25
B_unweighted,noise,0.3,1,10,316.0,9.0,5.6,1.8547236990991407,51.265822784810126,31.89873417721519,1.6071428571428572
B_unweighted,noise,0.3,1,15,316.0,9.0,4.8,1.7204650534085253,51.265822784810126,27.341772151898734,1.875
B_unweighted,noise,0.3,1,30,316.0,9.0,4.0,1.0954451150103321,51.265822784810126,22.78481012658228,2.25
B_unweighted,noise,0.3,1,60,316.0,9.0,2.4,0.4898979485566356,51.265822784810126,13.670886075949367,3.75
B_unweighted,noise,0.3,2,5,316.0,9.0,0.0,0.0,51.265822784810126,0.0,
B_unweighted,noise,0.3,2,10,316.0,9.0,0.0,0.0,51.265822784810126,0.0,
B_unweighted,noise,0.3,2,15,316.0,9.0,0.0,0.0,51.265822784810126,0.0,
B_unweighted,noise,0.3,2,30,316.0,9.0,0.0,0.0,51.265822784810126,0.0,
B_unweighted,noise,0.3,2,60,316.0,9.0,0.0,0.0,51.265822784810126,0.0,
B_unweighted,noise,0.3,3,5,316.0,9.0,0.0,0.0,51.265822784810126,0.0,
B_unweighted,noise,0.3,3,10,316.0,9.0,0.0,0.0,51.265822784810126,0.0,
B_unweighted,noise,0.3,3,15,316.0,9.0,0.0,0.0,51.265822784810126,0.0,
B_unweighted,noise,0.3,3,30,316.0,9.0,0.0,0.0,51.265822784810126,0.0,
B_unweighted,noise,0.3,3,60,316.0,9.0,0.0,0.0,51.265822784810126,0.0,
B_unweighted,noise,0.3,5,5,316.0,9.0,0.0,0.0,51.265822784810126,0.0,
B_unweighted,noise,0.3,5,10,316.0,9.0,0.0,0.0,51.265822784810126,0.0,
B_unweighted,noise,0.3,5,15,316.0,9.0,0.0,0.0,51.265822784810126,0.0,
B_unweighted,noise,0.3,5,30,316.0,9.0,0.0,0.0,51.265822784810126,0.0,
B_unweighted,noise,0.3,5,60,316.0,9.0,0.0,0.0,51.265822784810126,0.0,
B_unweighted,noise,0.3,10,5,316.0,9.0,0.0,0.0,51.265822784810126,0.0,
B_unweighted,noise,0.3,10,10,316.0,9.0,0.0,0.0,51.265822784810126,0.0,
B_unweighted,noise,0.3,10,15,316.0,9.0,0.0,0.0,51.265822784810126,0.0,
B_unweighted,noise,0.3,10,30,316.0,9.0,0.0,0.0,51.265822784810126,0.0,
B_unweighted,noise,0.3,10,60,316.0,9.0,0.0,0.0,51.265822784810126,0.0,
B_unweighted,noise,0.5,1,5,316.0,38.0,17.4,3.3823069050575527,216.45569620253164,99.1139240506329,2.1839080459770117
B_unweighted,noise,0.5,1,10,316.0,38.0,10.4,1.3564659966250536,216.45569620253164,59.24050632911393,3.6538461538461537
B_unweighted,noise,0.5,1,15,316.0,38.0,6.6,1.4966629547095764,216.45569620253164,37.59493670886076,5.757575757575758
B_unweighted,noise,0.5,1,30,316.0,38.0,3.0,0.8944271909999159,216.45569620253164,17.088607594936708,12.666666666666666
B_unweighted,noise,0.5,1,60,316.0,38.0,1.0,0.0,216.45569620253164,5.69620253164557,38.0
B_unweighted,noise,0.5,2,5,316.0,38.0,3.6,1.3564659966250536,216.45569620253164,20.50632911392405,10.555555555555555
B_unweighted,noise,0.5,2,10,316.0,38.0,3.6,1.3564659966250536,216.45569620253164,20.50632911392405,10.555555555555555
B_unweighted,noise,0.5,2,15,316.0,38.0,2.8,0.7483314773547882,216.45569620253164,15.949367088607595,13.571428571428573
B_unweighted,noise,0.5,2,30,316.0,38.0,1.8,0.7483314773547883,216.45569620253164,10.253164556962025,21.11111111111111
B_unweighted,noise,0.5,2,60,316.0,38.0,1.0,0.0,216.45569620253164,5.69620253164557,38.0
B_unweighted,noise,0.5,3,5,316.0,38.0,1.0,0.6324555320336759,216.45569620253164,5.69620253164557,38.0
B_unweighted,noise,0.5,3,10,316.0,38.0,1.0,0.6324555320336759,216.45569620253164,5.69620253164557,38.0
B_unweighted,noise,0.5,3,15,316.0,38.0,1.0,0.6324555320336759,216.45569620253164,5.69620253164557,38.0
B_unweighted,noise,0.5,3,30,316.0,38.0,0.8,0.4000000000000001,216.45569620253164,4.556962025316456,47.5
B_unweighted,noise,0.5,3,60,316.0,38.0,0.8,0.4000000000000001,216.45569620253164,4.556962025316456,47.5
B_unweighted,noise,0.5,5,5,316.0,38.0,0.0,0.0,216.45569620253164,0.0,
B_unweighted,noise,0.5,5,10,316.0,38.0,0.0,0.0,216.45569620253164,0.0,
B_unweighted,noise,0.5,5,15,316.0,38.0,0.0,0.0,216.45569620253164,0.0,
B_unweighted,noise,0.5,5,30,316.0,38.0,0.0,0.0,216.45569620253164,0.0,
B_unweighted,noise,0.5,5,60,316.0,38.0,0.0,0.0,216.45569620253164,0.0,
B_unweighted,noise,0.5,10,5,316.0,38.0,0.0,0.0,216.45569620253164,0.0,
B_unweighted,noise,0.5,10,10,316.0,38.0,0.0,0.0,216.45569620253164,0.0,
B_unweighted,noise,0.5,10,15,316.0,38.0,0.0,0.0,216.45569620253164,0.0,
B_unweighted,noise,0.5,10,30,316.0,38.0,0.0,0.0,216.45569620253164,0.0,
B_unweighted,noise,0.5,10,60,316.0,38.0,0.0,0.0,216.45569620253164,0.0,
D_mlp,clean,0.0,1,5,316.0,0.0,0.0,0.0,0.0,0.0,
D_mlp,clean,0.0,1,10,316.0,0.0,0.0,0.0,0.0,0.0,
D_mlp,clean,0.0,1,15,316.0,0.0,0.0,0.0,0.0,0.0,
D_mlp,clean,0.0,1,30,316.0,0.0,0.0,0.0,0.0,0.0,
D_mlp,clean,0.0,1,60,316.0,0.0,0.0,0.0,0.0,0.0,
D_mlp,clean,0.0,2,5,316.0,0.0,0.0,0.0,0.0,0.0,
D_mlp,clean,0.0,2,10,316.0,0.0,0.0,0.0,0.0,0.0,
D_mlp,clean,0.0,2,15,316.0,0.0,0.0,0.0,0.0,0.0,
D_mlp,clean,0.0,2,30,316.0,0.0,0.0,0.0,0.0,0.0,
D_mlp,clean,0.0,2,60,316.0,0.0,0.0,0.0,0.0,0.0,
D_mlp,clean,0.0,3,5,316.0,0.0,0.0,0.0,0.0,0.0,
D_mlp,clean,0.0,3,10,316.0,0.0,0.0,0.0,0.0,0.0,
D_mlp,clean,0.0,3,15,316.0,0.0,0.0,0.0,0.0,0.0,
D_mlp,clean,0.0,3,30,316.0,0.0,0.0,0.0,0.0,0.0,
D_mlp,clean,0.0,3,60,316.0,0.0,0.0,0.0,0.0,0.0,
D_mlp,clean,0.0,5,5,316.0,0.0,0.0,0.0,0.0,0.0,
D_mlp,clean,0.0,5,10,316.0,0.0,0.0,0.0,0.0,0.0,
D_mlp,clean,0.0,5,15,316.0,0.0,0.0,0.0,0.0,0.0,
D_mlp,clean,0.0,5,30,316.0,0.0,0.0,0.0,0.0,0.0,
D_mlp,clean,0.0,5,60,316.0,0.0,0.0,0.0,0.0,0.0,
D_mlp,clean,0.0,10,5,316.0,0.0,0.0,0.0,0.0,0.0,
D_mlp,clean,0.0,10,10,316.0,0.0,0.0,0.0,0.0,0.0,
D_mlp,clean,0.0,10,15,316.0,0.0,0.0,0.0,0.0,0.0,
D_mlp,clean,0.0,10,30,316.0,0.0,0.0,0.0,0.0,0.0,
D_mlp,clean,0.0,10,60,316.0,0.0,0.0,0.0,0.0,0.0,
D_mlp,dropout,1.0,1,5,316.0,0.0,0.0,0.0,0.0,0.0,
D_mlp,dropout,1.0,1,10,316.0,0.0,0.0,0.0,0.0,0.0,
D_mlp,dropout,1.0,1,15,316.0,0.0,0.0,0.0,0.0,0.0,
D_mlp,dropout,1.0,1,30,316.0,0.0,0.0,0.0,0.0,0.0,
D_mlp,dropout,1.0,1,60,316.0,0.0,0.0,0.0,0.0,0.0,
D_mlp,dropout,1.0,2,5,316.0,0.0,0.0,0.0,0.0,0.0,
D_mlp,dropout,1.0,2,10,316.0,0.0,0.0,0.0,0.0,0.0,
D_mlp,dropout,1.0,2,15,316.0,0.0,0.0,0.0,0.0,0.0,
D_mlp,dropout,1.0,2,30,316.0,0.0,0.0,0.0,0.0,0.0,
D_mlp,dropout,1.0,2,60,316.0,0.0,0.0,0.0,0.0,0.0,
D_mlp,dropout,1.0,3,5,316.0,0.0,0.0,0.0,0.0,0.0,
D_mlp,dropout,1.0,3,10,316.0,0.0,0.0,0.0,0.0,0.0,
D_mlp,dropout,1.0,3,15,316.0,0.0,0.0,0.0,0.0,0.0,
D_mlp,dropout,1.0,3,30,316.0,0.0,0.0,0.0,0.0,0.0,
D_mlp,dropout,1.0,3,60,316.0,0.0,0.0,0.0,0.0,0.0,
D_mlp,dropout,1.0,5,5,316.0,0.0,0.0,0.0,0.0,0.0,
D_mlp,dropout,1.0,5,10,316.0,0.0,0.0,0.0,0.0,0.0,
D_mlp,dropout,1.0,5,15,316.0,0.0,0.0,0.0,0.0,0.0,
D_mlp,dropout,1.0,5,30,316.0,0.0,0.0,0.0,0.0,0.0,
D_mlp,dropout,1.0,5,60,316.0,0.0,0.0,0.0,0.0,0.0,
D_mlp,dropout,1.0,10,5,316.0,0.0,0.0,0.0,0.0,0.0,
D_mlp,dropout,1.0,10,10,316.0,0.0,0.0,0.0,0.0,0.0,
D_mlp,dropout,1.0,10,15,316.0,0.0,0.0,0.0,0.0,0.0,
D_mlp,dropout,1.0,10,30,316.0,0.0,0.0,0.0,0.0,0.0,
D_mlp,dropout,1.0,10,60,316.0,0.0,0.0,0.0,0.0,0.0,
D_mlp,dropout,4.0,1,5,316.0,2.2,0.4,0.8,12.531645569620254,2.278481012658228,5.5
D_mlp,dropout,4.0,1,10,316.0,2.2,0.4,0.8,12.531645569620254,2.278481012658228,5.5
D_mlp,dropout,4.0,1,15,316.0,2.2,0.4,0.8,12.531645569620254,2.278481012658228,5.5
D_mlp,dropout,4.0,1,30,316.0,2.2,0.4,0.8,12.531645569620254,2.278481012658228,5.5
D_mlp,dropout,4.0,1,60,316.0,2.2,0.4,0.8,12.531645569620254,2.278481012658228,5.5
D_mlp,dropout,4.0,2,5,316.0,2.2,0.4,0.8,12.531645569620254,2.278481012658228,5.5
D_mlp,dropout,4.0,2,10,316.0,2.2,0.4,0.8,12.531645569620254,2.278481012658228,5.5
D_mlp,dropout,4.0,2,15,316.0,2.2,0.4,0.8,12.531645569620254,2.278481012658228,5.5
D_mlp,dropout,4.0,2,30,316.0,2.2,0.4,0.8,12.531645569620254,2.278481012658228,5.5
D_mlp,dropout,4.0,2,60,316.0,2.2,0.4,0.8,12.531645569620254,2.278481012658228,5.5
D_mlp,dropout,4.0,3,5,316.0,2.2,0.2,0.4,12.531645569620254,1.139240506329114,11.0
D_mlp,dropout,4.0,3,10,316.0,2.2,0.2,0.4,12.531645569620254,1.139240506329114,11.0
D_mlp,dropout,4.0,3,15,316.0,2.2,0.2,0.4,12.531645569620254,1.139240506329114,11.0
D_mlp,dropout,4.0,3,30,316.0,2.2,0.2,0.4,12.531645569620254,1.139240506329114,11.0
D_mlp,dropout,4.0,3,60,316.0,2.2,0.2,0.4,12.531645569620254,1.139240506329114,11.0
D_mlp,dropout,4.0,5,5,316.0,2.2,0.2,0.4,12.531645569620254,1.139240506329114,11.0
D_mlp,dropout,4.0,5,10,316.0,2.2,0.2,0.4,12.531645569620254,1.139240506329114,11.0
D_mlp,dropout,4.0,5,15,316.0,2.2,0.2,0.4,12.531645569620254,1.139240506329114,11.0
D_mlp,dropout,4.0,5,30,316.0,2.2,0.2,0.4,12.531645569620254,1.139240506329114,11.0
D_mlp,dropout,4.0,5,60,316.0,2.2,0.2,0.4,12.531645569620254,1.139240506329114,11.0
D_mlp,dropout,4.0,10,5,316.0,2.2,0.0,0.0,12.531645569620254,0.0,
D_mlp,dropout,4.0,10,10,316.0,2.2,0.0,0.0,12.531645569620254,0.0,
D_mlp,dropout,4.0,10,15,316.0,2.2,0.0,0.0,12.531645569620254,0.0,
D_mlp,dropout,4.0,10,30,316.0,2.2,0.0,0.0,12.531645569620254,0.0,
D_mlp,dropout,4.0,10,60,316.0,2.2,0.0,0.0,12.531645569620254,0.0,
D_mlp,dropout,7.0,1,5,316.0,63.2,0.2,0.4000000000000001,360.0,1.139240506329114,316.0
D_mlp,dropout,7.0,1,10,316.0,63.2,0.2,0.4000000000000001,360.0,1.139240506329114,316.0
D_mlp,dropout,7.0,1,15,316.0,63.2,0.2,0.4000000000000001,360.0,1.139240506329114,316.0
D_mlp,dropout,7.0,1,30,316.0,63.2,0.2,0.4000000000000001,360.0,1.139240506329114,316.0
D_mlp,dropout,7.0,1,60,316.0,63.2,0.2,0.4000000000000001,360.0,1.139240506329114,316.0
D_mlp,dropout,7.0,2,5,316.0,63.2,0.2,0.4000000000000001,360.0,1.139240506329114,316.0
D_mlp,dropout,7.0,2,10,316.0,63.2,0.2,0.4000000000000001,360.0,1.139240506329114,316.0
D_mlp,dropout,7.0,2,15,316.0,63.2,0.2,0.4000000000000001,360.0,1.139240506329114,316.0
D_mlp,dropout,7.0,2,30,316.0,63.2,0.2,0.4000000000000001,360.0,1.139240506329114,316.0
D_mlp,dropout,7.0,2,60,316.0,63.2,0.2,0.4000000000000001,360.0,1.139240506329114,316.0
D_mlp,dropout,7.0,3,5,316.0,63.2,0.2,0.4000000000000001,360.0,1.139240506329114,316.0
D_mlp,dropout,7.0,3,10,316.0,63.2,0.2,0.4000000000000001,360.0,1.139240506329114,316.0
D_mlp,dropout,7.0,3,15,316.0,63.2,0.2,0.4000000000000001,360.0,1.139240506329114,316.0
D_mlp,dropout,7.0,3,30,316.0,63.2,0.2,0.4000000000000001,360.0,1.139240506329114,316.0
D_mlp,dropout,7.0,3,60,316.0,63.2,0.2,0.4000000000000001,360.0,1.139240506329114,316.0
D_mlp,dropout,7.0,5,5,316.0,63.2,0.2,0.4000000000000001,360.0,1.139240506329114,316.0
D_mlp,dropout,7.0,5,10,316.0,63.2,0.2,0.4000000000000001,360.0,1.139240506329114,316.0
D_mlp,dropout,7.0,5,15,316.0,63.2,0.2,0.4000000000000001,360.0,1.139240506329114,316.0
D_mlp,dropout,7.0,5,30,316.0,63.2,0.2,0.4000000000000001,360.0,1.139240506329114,316.0
D_mlp,dropout,7.0,5,60,316.0,63.2,0.2,0.4000000000000001,360.0,1.139240506329114,316.0
D_mlp,dropout,7.0,10,5,316.0,63.2,0.2,0.4000000000000001,360.0,1.139240506329114,316.0
D_mlp,dropout,7.0,10,10,316.0,63.2,0.2,0.4000000000000001,360.0,1.139240506329114,316.0
D_mlp,dropout,7.0,10,15,316.0,63.2,0.2,0.4000000000000001,360.0,1.139240506329114,316.0
D_mlp,dropout,7.0,10,30,316.0,63.2,0.2,0.4000000000000001,360.0,1.139240506329114,316.0
D_mlp,dropout,7.0,10,60,316.0,63.2,0.2,0.4000000000000001,360.0,1.139240506329114,316.0
D_mlp,drift,0.3,1,5,316.0,0.0,0.0,0.0,0.0,0.0,
D_mlp,drift,0.3,1,10,316.0,0.0,0.0,0.0,0.0,0.0,
D_mlp,drift,0.3,1,15,316.0,0.0,0.0,0.0,0.0,0.0,
D_mlp,drift,0.3,1,30,316.0,0.0,0.0,0.0,0.0,0.0,
D_mlp,drift,0.3,1,60,316.0,0.0,0.0,0.0,0.0,0.0,
D_mlp,drift,0.3,2,5,316.0,0.0,0.0,0.0,0.0,0.0,
D_mlp,drift,0.3,2,10,316.0,0.0,0.0,0.0,0.0,0.0,
D_mlp,drift,0.3,2,15,316.0,0.0,0.0,0.0,0.0,0.0,
D_mlp,drift,0.3,2,30,316.0,0.0,0.0,0.0,0.0,0.0,
D_mlp,drift,0.3,2,60,316.0,0.0,0.0,0.0,0.0,0.0,
D_mlp,drift,0.3,3,5,316.0,0.0,0.0,0.0,0.0,0.0,
D_mlp,drift,0.3,3,10,316.0,0.0,0.0,0.0,0.0,0.0,
D_mlp,drift,0.3,3,15,316.0,0.0,0.0,0.0,0.0,0.0,
D_mlp,drift,0.3,3,30,316.0,0.0,0.0,0.0,0.0,0.0,
D_mlp,drift,0.3,3,60,316.0,0.0,0.0,0.0,0.0,0.0,
D_mlp,drift,0.3,5,5,316.0,0.0,0.0,0.0,0.0,0.0,
D_mlp,drift,0.3,5,10,316.0,0.0,0.0,0.0,0.0,0.0,
D_mlp,drift,0.3,5,15,316.0,0.0,0.0,0.0,0.0,0.0,
D_mlp,drift,0.3,5,30,316.0,0.0,0.0,0.0,0.0,0.0,
D_mlp,drift,0.3,5,60,316.0,0.0,0.0,0.0,0.0,0.0,
D_mlp,drift,0.3,10,5,316.0,0.0,0.0,0.0,0.0,0.0,
D_mlp,drift,0.3,10,10,316.0,0.0,0.0,0.0,0.0,0.0,
D_mlp,drift,0.3,10,15,316.0,0.0,0.0,0.0,0.0,0.0,
D_mlp,drift,0.3,10,30,316.0,0.0,0.0,0.0,0.0,0.0,
D_mlp,drift,0.3,10,60,316.0,0.0,0.0,0.0,0.0,0.0,
D_mlp,drift,0.5,1,5,316.0,0.0,0.0,0.0,0.0,0.0,
D_mlp,drift,0.5,1,10,316.0,0.0,0.0,0.0,0.0,0.0,
D_mlp,drift,0.5,1,15,316.0,0.0,0.0,0.0,0.0,0.0,
D_mlp,drift,0.5,1,30,316.0,0.0,0.0,0.0,0.0,0.0,
D_mlp,drift,0.5,1,60,316.0,0.0,0.0,0.0,0.0,0.0,
D_mlp,drift,0.5,2,5,316.0,0.0,0.0,0.0,0.0,0.0,
D_mlp,drift,0.5,2,10,316.0,0.0,0.0,0.0,0.0,0.0,
D_mlp,drift,0.5,2,15,316.0,0.0,0.0,0.0,0.0,0.0,
D_mlp,drift,0.5,2,30,316.0,0.0,0.0,0.0,0.0,0.0,
D_mlp,drift,0.5,2,60,316.0,0.0,0.0,0.0,0.0,0.0,
D_mlp,drift,0.5,3,5,316.0,0.0,0.0,0.0,0.0,0.0,
D_mlp,drift,0.5,3,10,316.0,0.0,0.0,0.0,0.0,0.0,
D_mlp,drift,0.5,3,15,316.0,0.0,0.0,0.0,0.0,0.0,
D_mlp,drift,0.5,3,30,316.0,0.0,0.0,0.0,0.0,0.0,
D_mlp,drift,0.5,3,60,316.0,0.0,0.0,0.0,0.0,0.0,
D_mlp,drift,0.5,5,5,316.0,0.0,0.0,0.0,0.0,0.0,
D_mlp,drift,0.5,5,10,316.0,0.0,0.0,0.0,0.0,0.0,
D_mlp,drift,0.5,5,15,316.0,0.0,0.0,0.0,0.0,0.0,
D_mlp,drift,0.5,5,30,316.0,0.0,0.0,0.0,0.0,0.0,
D_mlp,drift,0.5,5,60,316.0,0.0,0.0,0.0,0.0,0.0,
D_mlp,drift,0.5,10,5,316.0,0.0,0.0,0.0,0.0,0.0,
D_mlp,drift,0.5,10,10,316.0,0.0,0.0,0.0,0.0,0.0,
D_mlp,drift,0.5,10,15,316.0,0.0,0.0,0.0,0.0,0.0,
D_mlp,drift,0.5,10,30,316.0,0.0,0.0,0.0,0.0,0.0,
D_mlp,drift,0.5,10,60,316.0,0.0,0.0,0.0,0.0,0.0,
D_mlp,noise,0.3,1,5,316.0,0.0,0.0,0.0,0.0,0.0,
D_mlp,noise,0.3,1,10,316.0,0.0,0.0,0.0,0.0,0.0,
D_mlp,noise,0.3,1,15,316.0,0.0,0.0,0.0,0.0,0.0,
D_mlp,noise,0.3,1,30,316.0,0.0,0.0,0.0,0.0,0.0,
D_mlp,noise,0.3,1,60,316.0,0.0,0.0,0.0,0.0,0.0,
D_mlp,noise,0.3,2,5,316.0,0.0,0.0,0.0,0.0,0.0,
D_mlp,noise,0.3,2,10,316.0,0.0,0.0,0.0,0.0,0.0,
D_mlp,noise,0.3,2,15,316.0,0.0,0.0,0.0,0.0,0.0,
D_mlp,noise,0.3,2,30,316.0,0.0,0.0,0.0,0.0,0.0,
D_mlp,noise,0.3,2,60,316.0,0.0,0.0,0.0,0.0,0.0,
D_mlp,noise,0.3,3,5,316.0,0.0,0.0,0.0,0.0,0.0,
D_mlp,noise,0.3,3,10,316.0,0.0,0.0,0.0,0.0,0.0,
D_mlp,noise,0.3,3,15,316.0,0.0,0.0,0.0,0.0,0.0,
D_mlp,noise,0.3,3,30,316.0,0.0,0.0,0.0,0.0,0.0,
D_mlp,noise,0.3,3,60,316.0,0.0,0.0,0.0,0.0,0.0,
D_mlp,noise,0.3,5,5,316.0,0.0,0.0,0.0,0.0,0.0,
D_mlp,noise,0.3,5,10,316.0,0.0,0.0,0.0,0.0,0.0,
D_mlp,noise,0.3,5,15,316.0,0.0,0.0,0.0,0.0,0.0,
D_mlp,noise,0.3,5,30,316.0,0.0,0.0,0.0,0.0,0.0,
D_mlp,noise,0.3,5,60,316.0,0.0,0.0,0.0,0.0,0.0,
D_mlp,noise,0.3,10,5,316.0,0.0,0.0,0.0,0.0,0.0,
D_mlp,noise,0.3,10,10,316.0,0.0,0.0,0.0,0.0,0.0,
D_mlp,noise,0.3,10,15,316.0,0.0,0.0,0.0,0.0,0.0,
D_mlp,noise,0.3,10,30,316.0,0.0,0.0,0.0,0.0,0.0,
D_mlp,noise,0.3,10,60,316.0,0.0,0.0,0.0,0.0,0.0,
D_mlp,noise,0.5,1,5,316.0,1.8,1.8,1.469693845669907,10.253164556962025,10.253164556962025,1.0
D_mlp,noise,0.5,1,10,316.0,1.8,1.8,1.469693845669907,10.253164556962025,10.253164556962025,1.0
D_mlp,noise,0.5,1,15,316.0,1.8,1.8,1.469693845669907,10.253164556962025,10.253164556962025,1.0
D_mlp,noise,0.5,1,30,316.0,1.8,1.8,1.469693845669907,10.253164556962025,10.253164556962025,1.0
D_mlp,noise,0.5,1,60,316.0,1.8,1.6,1.2000000000000002,10.253164556962025,9.113924050632912,1.125
D_mlp,noise,0.5,2,5,316.0,1.8,0.0,0.0,10.253164556962025,0.0,
D_mlp,noise,0.5,2,10,316.0,1.8,0.0,0.0,10.253164556962025,0.0,
D_mlp,noise,0.5,2,15,316.0,1.8,0.0,0.0,10.253164556962025,0.0,
D_mlp,noise,0.5,2,30,316.0,1.8,0.0,0.0,10.253164556962025,0.0,
D_mlp,noise,0.5,2,60,316.0,1.8,0.0,0.0,10.253164556962025,0.0,
D_mlp,noise,0.5,3,5,316.0,1.8,0.0,0.0,10.253164556962025,0.0,
D_mlp,noise,0.5,3,10,316.0,1.8,0.0,0.0,10.253164556962025,0.0,
D_mlp,noise,0.5,3,15,316.0,1.8,0.0,0.0,10.253164556962025,0.0,
D_mlp,noise,0.5,3,30,316.0,1.8,0.0,0.0,10.253164556962025,0.0,
D_mlp,noise,0.5,3,60,316.0,1.8,0.0,0.0,10.253164556962025,0.0,
D_mlp,noise,0.5,5,5,316.0,1.8,0.0,0.0,10.253164556962025,0.0,
D_mlp,noise,0.5,5,10,316.0,1.8,0.0,0.0,10.253164556962025,0.0,
D_mlp,noise,0.5,5,15,316.0,1.8,0.0,0.0,10.253164556962025,0.0,
D_mlp,noise,0.5,5,30,316.0,1.8,0.0,0.0,10.253164556962025,0.0,
D_mlp,noise,0.5,5,60,316.0,1.8,0.0,0.0,10.253164556962025,0.0,
D_mlp,noise,0.5,10,5,316.0,1.8,0.0,0.0,10.253164556962025,0.0,
D_mlp,noise,0.5,10,10,316.0,1.8,0.0,0.0,10.253164556962025,0.0,
D_mlp,noise,0.5,10,15,316.0,1.8,0.0,0.0,10.253164556962025,0.0,
D_mlp,noise,0.5,10,30,316.0,1.8,0.0,0.0,10.253164556962025,0.0,
D_mlp,noise,0.5,10,60,316.0,1.8,0.0,0.0,10.253164556962025,0.0,
E_gbm,clean,0.0,1,5,316.0,0.0,0.0,0.0,0.0,0.0,
E_gbm,clean,0.0,1,10,316.0,0.0,0.0,0.0,0.0,0.0,
E_gbm,clean,0.0,1,15,316.0,0.0,0.0,0.0,0.0,0.0,
E_gbm,clean,0.0,1,30,316.0,0.0,0.0,0.0,0.0,0.0,
E_gbm,clean,0.0,1,60,316.0,0.0,0.0,0.0,0.0,0.0,
E_gbm,clean,0.0,2,5,316.0,0.0,0.0,0.0,0.0,0.0,
E_gbm,clean,0.0,2,10,316.0,0.0,0.0,0.0,0.0,0.0,
E_gbm,clean,0.0,2,15,316.0,0.0,0.0,0.0,0.0,0.0,
E_gbm,clean,0.0,2,30,316.0,0.0,0.0,0.0,0.0,0.0,
E_gbm,clean,0.0,2,60,316.0,0.0,0.0,0.0,0.0,0.0,
E_gbm,clean,0.0,3,5,316.0,0.0,0.0,0.0,0.0,0.0,
E_gbm,clean,0.0,3,10,316.0,0.0,0.0,0.0,0.0,0.0,
E_gbm,clean,0.0,3,15,316.0,0.0,0.0,0.0,0.0,0.0,
E_gbm,clean,0.0,3,30,316.0,0.0,0.0,0.0,0.0,0.0,
E_gbm,clean,0.0,3,60,316.0,0.0,0.0,0.0,0.0,0.0,
E_gbm,clean,0.0,5,5,316.0,0.0,0.0,0.0,0.0,0.0,
E_gbm,clean,0.0,5,10,316.0,0.0,0.0,0.0,0.0,0.0,
E_gbm,clean,0.0,5,15,316.0,0.0,0.0,0.0,0.0,0.0,
E_gbm,clean,0.0,5,30,316.0,0.0,0.0,0.0,0.0,0.0,
E_gbm,clean,0.0,5,60,316.0,0.0,0.0,0.0,0.0,0.0,
E_gbm,clean,0.0,10,5,316.0,0.0,0.0,0.0,0.0,0.0,
E_gbm,clean,0.0,10,10,316.0,0.0,0.0,0.0,0.0,0.0,
E_gbm,clean,0.0,10,15,316.0,0.0,0.0,0.0,0.0,0.0,
E_gbm,clean,0.0,10,30,316.0,0.0,0.0,0.0,0.0,0.0,
E_gbm,clean,0.0,10,60,316.0,0.0,0.0,0.0,0.0,0.0,
E_gbm,dropout,1.0,1,5,316.0,0.0,0.0,0.0,0.0,0.0,
E_gbm,dropout,1.0,1,10,316.0,0.0,0.0,0.0,0.0,0.0,
E_gbm,dropout,1.0,1,15,316.0,0.0,0.0,0.0,0.0,0.0,
E_gbm,dropout,1.0,1,30,316.0,0.0,0.0,0.0,0.0,0.0,
E_gbm,dropout,1.0,1,60,316.0,0.0,0.0,0.0,0.0,0.0,
E_gbm,dropout,1.0,2,5,316.0,0.0,0.0,0.0,0.0,0.0,
E_gbm,dropout,1.0,2,10,316.0,0.0,0.0,0.0,0.0,0.0,
E_gbm,dropout,1.0,2,15,316.0,0.0,0.0,0.0,0.0,0.0,
E_gbm,dropout,1.0,2,30,316.0,0.0,0.0,0.0,0.0,0.0,
E_gbm,dropout,1.0,2,60,316.0,0.0,0.0,0.0,0.0,0.0,
E_gbm,dropout,1.0,3,5,316.0,0.0,0.0,0.0,0.0,0.0,
E_gbm,dropout,1.0,3,10,316.0,0.0,0.0,0.0,0.0,0.0,
E_gbm,dropout,1.0,3,15,316.0,0.0,0.0,0.0,0.0,0.0,
E_gbm,dropout,1.0,3,30,316.0,0.0,0.0,0.0,0.0,0.0,
E_gbm,dropout,1.0,3,60,316.0,0.0,0.0,0.0,0.0,0.0,
E_gbm,dropout,1.0,5,5,316.0,0.0,0.0,0.0,0.0,0.0,
E_gbm,dropout,1.0,5,10,316.0,0.0,0.0,0.0,0.0,0.0,
E_gbm,dropout,1.0,5,15,316.0,0.0,0.0,0.0,0.0,0.0,
E_gbm,dropout,1.0,5,30,316.0,0.0,0.0,0.0,0.0,0.0,
E_gbm,dropout,1.0,5,60,316.0,0.0,0.0,0.0,0.0,0.0,
E_gbm,dropout,1.0,10,5,316.0,0.0,0.0,0.0,0.0,0.0,
E_gbm,dropout,1.0,10,10,316.0,0.0,0.0,0.0,0.0,0.0,
E_gbm,dropout,1.0,10,15,316.0,0.0,0.0,0.0,0.0,0.0,
E_gbm,dropout,1.0,10,30,316.0,0.0,0.0,0.0,0.0,0.0,
E_gbm,dropout,1.0,10,60,316.0,0.0,0.0,0.0,0.0,0.0,
E_gbm,dropout,4.0,1,5,316.0,0.0,0.0,0.0,0.0,0.0,
E_gbm,dropout,4.0,1,10,316.0,0.0,0.0,0.0,0.0,0.0,
E_gbm,dropout,4.0,1,15,316.0,0.0,0.0,0.0,0.0,0.0,
E_gbm,dropout,4.0,1,30,316.0,0.0,0.0,0.0,0.0,0.0,
E_gbm,dropout,4.0,1,60,316.0,0.0,0.0,0.0,0.0,0.0,
E_gbm,dropout,4.0,2,5,316.0,0.0,0.0,0.0,0.0,0.0,
E_gbm,dropout,4.0,2,10,316.0,0.0,0.0,0.0,0.0,0.0,
E_gbm,dropout,4.0,2,15,316.0,0.0,0.0,0.0,0.0,0.0,
E_gbm,dropout,4.0,2,30,316.0,0.0,0.0,0.0,0.0,0.0,
E_gbm,dropout,4.0,2,60,316.0,0.0,0.0,0.0,0.0,0.0,
E_gbm,dropout,4.0,3,5,316.0,0.0,0.0,0.0,0.0,0.0,
E_gbm,dropout,4.0,3,10,316.0,0.0,0.0,0.0,0.0,0.0,
E_gbm,dropout,4.0,3,15,316.0,0.0,0.0,0.0,0.0,0.0,
E_gbm,dropout,4.0,3,30,316.0,0.0,0.0,0.0,0.0,0.0,
E_gbm,dropout,4.0,3,60,316.0,0.0,0.0,0.0,0.0,0.0,
E_gbm,dropout,4.0,5,5,316.0,0.0,0.0,0.0,0.0,0.0,
E_gbm,dropout,4.0,5,10,316.0,0.0,0.0,0.0,0.0,0.0,
E_gbm,dropout,4.0,5,15,316.0,0.0,0.0,0.0,0.0,0.0,
E_gbm,dropout,4.0,5,30,316.0,0.0,0.0,0.0,0.0,0.0,
E_gbm,dropout,4.0,5,60,316.0,0.0,0.0,0.0,0.0,0.0,
E_gbm,dropout,4.0,10,5,316.0,0.0,0.0,0.0,0.0,0.0,
E_gbm,dropout,4.0,10,10,316.0,0.0,0.0,0.0,0.0,0.0,
E_gbm,dropout,4.0,10,15,316.0,0.0,0.0,0.0,0.0,0.0,
E_gbm,dropout,4.0,10,30,316.0,0.0,0.0,0.0,0.0,0.0,
E_gbm,dropout,4.0,10,60,316.0,0.0,0.0,0.0,0.0,0.0,
E_gbm,dropout,7.0,1,5,316.0,0.0,0.0,0.0,0.0,0.0,
E_gbm,dropout,7.0,1,10,316.0,0.0,0.0,0.0,0.0,0.0,
E_gbm,dropout,7.0,1,15,316.0,0.0,0.0,0.0,0.0,0.0,
E_gbm,dropout,7.0,1,30,316.0,0.0,0.0,0.0,0.0,0.0,
E_gbm,dropout,7.0,1,60,316.0,0.0,0.0,0.0,0.0,0.0,
E_gbm,dropout,7.0,2,5,316.0,0.0,0.0,0.0,0.0,0.0,
E_gbm,dropout,7.0,2,10,316.0,0.0,0.0,0.0,0.0,0.0,
E_gbm,dropout,7.0,2,15,316.0,0.0,0.0,0.0,0.0,0.0,
E_gbm,dropout,7.0,2,30,316.0,0.0,0.0,0.0,0.0,0.0,
E_gbm,dropout,7.0,2,60,316.0,0.0,0.0,0.0,0.0,0.0,
E_gbm,dropout,7.0,3,5,316.0,0.0,0.0,0.0,0.0,0.0,
E_gbm,dropout,7.0,3,10,316.0,0.0,0.0,0.0,0.0,0.0,
E_gbm,dropout,7.0,3,15,316.0,0.0,0.0,0.0,0.0,0.0,
E_gbm,dropout,7.0,3,30,316.0,0.0,0.0,0.0,0.0,0.0,
E_gbm,dropout,7.0,3,60,316.0,0.0,0.0,0.0,0.0,0.0,
E_gbm,dropout,7.0,5,5,316.0,0.0,0.0,0.0,0.0,0.0,
E_gbm,dropout,7.0,5,10,316.0,0.0,0.0,0.0,0.0,0.0,
E_gbm,dropout,7.0,5,15,316.0,0.0,0.0,0.0,0.0,0.0,
E_gbm,dropout,7.0,5,30,316.0,0.0,0.0,0.0,0.0,0.0,
E_gbm,dropout,7.0,5,60,316.0,0.0,0.0,0.0,0.0,0.0,
E_gbm,dropout,7.0,10,5,316.0,0.0,0.0,0.0,0.0,0.0,
E_gbm,dropout,7.0,10,10,316.0,0.0,0.0,0.0,0.0,0.0,
E_gbm,dropout,7.0,10,15,316.0,0.0,0.0,0.0,0.0,0.0,
E_gbm,dropout,7.0,10,30,316.0,0.0,0.0,0.0,0.0,0.0,
E_gbm,dropout,7.0,10,60,316.0,0.0,0.0,0.0,0.0,0.0,
E_gbm,drift,0.3,1,5,316.0,0.0,0.0,0.0,0.0,0.0,
E_gbm,drift,0.3,1,10,316.0,0.0,0.0,0.0,0.0,0.0,
E_gbm,drift,0.3,1,15,316.0,0.0,0.0,0.0,0.0,0.0,
E_gbm,drift,0.3,1,30,316.0,0.0,0.0,0.0,0.0,0.0,
E_gbm,drift,0.3,1,60,316.0,0.0,0.0,0.0,0.0,0.0,
E_gbm,drift,0.3,2,5,316.0,0.0,0.0,0.0,0.0,0.0,
E_gbm,drift,0.3,2,10,316.0,0.0,0.0,0.0,0.0,0.0,
E_gbm,drift,0.3,2,15,316.0,0.0,0.0,0.0,0.0,0.0,
E_gbm,drift,0.3,2,30,316.0,0.0,0.0,0.0,0.0,0.0,
E_gbm,drift,0.3,2,60,316.0,0.0,0.0,0.0,0.0,0.0,
E_gbm,drift,0.3,3,5,316.0,0.0,0.0,0.0,0.0,0.0,
E_gbm,drift,0.3,3,10,316.0,0.0,0.0,0.0,0.0,0.0,
E_gbm,drift,0.3,3,15,316.0,0.0,0.0,0.0,0.0,0.0,
E_gbm,drift,0.3,3,30,316.0,0.0,0.0,0.0,0.0,0.0,
E_gbm,drift,0.3,3,60,316.0,0.0,0.0,0.0,0.0,0.0,
E_gbm,drift,0.3,5,5,316.0,0.0,0.0,0.0,0.0,0.0,
E_gbm,drift,0.3,5,10,316.0,0.0,0.0,0.0,0.0,0.0,
E_gbm,drift,0.3,5,15,316.0,0.0,0.0,0.0,0.0,0.0,
E_gbm,drift,0.3,5,30,316.0,0.0,0.0,0.0,0.0,0.0,
E_gbm,drift,0.3,5,60,316.0,0.0,0.0,0.0,0.0,0.0,
E_gbm,drift,0.3,10,5,316.0,0.0,0.0,0.0,0.0,0.0,
E_gbm,drift,0.3,10,10,316.0,0.0,0.0,0.0,0.0,0.0,
E_gbm,drift,0.3,10,15,316.0,0.0,0.0,0.0,0.0,0.0,
E_gbm,drift,0.3,10,30,316.0,0.0,0.0,0.0,0.0,0.0,
E_gbm,drift,0.3,10,60,316.0,0.0,0.0,0.0,0.0,0.0,
E_gbm,drift,0.5,1,5,316.0,0.0,0.0,0.0,0.0,0.0,
E_gbm,drift,0.5,1,10,316.0,0.0,0.0,0.0,0.0,0.0,
E_gbm,drift,0.5,1,15,316.0,0.0,0.0,0.0,0.0,0.0,
E_gbm,drift,0.5,1,30,316.0,0.0,0.0,0.0,0.0,0.0,
E_gbm,drift,0.5,1,60,316.0,0.0,0.0,0.0,0.0,0.0,
E_gbm,drift,0.5,2,5,316.0,0.0,0.0,0.0,0.0,0.0,
E_gbm,drift,0.5,2,10,316.0,0.0,0.0,0.0,0.0,0.0,
E_gbm,drift,0.5,2,15,316.0,0.0,0.0,0.0,0.0,0.0,
E_gbm,drift,0.5,2,30,316.0,0.0,0.0,0.0,0.0,0.0,
E_gbm,drift,0.5,2,60,316.0,0.0,0.0,0.0,0.0,0.0,
E_gbm,drift,0.5,3,5,316.0,0.0,0.0,0.0,0.0,0.0,
E_gbm,drift,0.5,3,10,316.0,0.0,0.0,0.0,0.0,0.0,
E_gbm,drift,0.5,3,15,316.0,0.0,0.0,0.0,0.0,0.0,
E_gbm,drift,0.5,3,30,316.0,0.0,0.0,0.0,0.0,0.0,
E_gbm,drift,0.5,3,60,316.0,0.0,0.0,0.0,0.0,0.0,
E_gbm,drift,0.5,5,5,316.0,0.0,0.0,0.0,0.0,0.0,
E_gbm,drift,0.5,5,10,316.0,0.0,0.0,0.0,0.0,0.0,
E_gbm,drift,0.5,5,15,316.0,0.0,0.0,0.0,0.0,0.0,
E_gbm,drift,0.5,5,30,316.0,0.0,0.0,0.0,0.0,0.0,
E_gbm,drift,0.5,5,60,316.0,0.0,0.0,0.0,0.0,0.0,
E_gbm,drift,0.5,10,5,316.0,0.0,0.0,0.0,0.0,0.0,
E_gbm,drift,0.5,10,10,316.0,0.0,0.0,0.0,0.0,0.0,
E_gbm,drift,0.5,10,15,316.0,0.0,0.0,0.0,0.0,0.0,
E_gbm,drift,0.5,10,30,316.0,0.0,0.0,0.0,0.0,0.0,
E_gbm,drift,0.5,10,60,316.0,0.0,0.0,0.0,0.0,0.0,
E_gbm,noise,0.3,1,5,316.0,0.0,0.0,0.0,0.0,0.0,
E_gbm,noise,0.3,1,10,316.0,0.0,0.0,0.0,0.0,0.0,
E_gbm,noise,0.3,1,15,316.0,0.0,0.0,0.0,0.0,0.0,
E_gbm,noise,0.3,1,30,316.0,0.0,0.0,0.0,0.0,0.0,
E_gbm,noise,0.3,1,60,316.0,0.0,0.0,0.0,0.0,0.0,
E_gbm,noise,0.3,2,5,316.0,0.0,0.0,0.0,0.0,0.0,
E_gbm,noise,0.3,2,10,316.0,0.0,0.0,0.0,0.0,0.0,
E_gbm,noise,0.3,2,15,316.0,0.0,0.0,0.0,0.0,0.0,
E_gbm,noise,0.3,2,30,316.0,0.0,0.0,0.0,0.0,0.0,
E_gbm,noise,0.3,2,60,316.0,0.0,0.0,0.0,0.0,0.0,
E_gbm,noise,0.3,3,5,316.0,0.0,0.0,0.0,0.0,0.0,
E_gbm,noise,0.3,3,10,316.0,0.0,0.0,0.0,0.0,0.0,
E_gbm,noise,0.3,3,15,316.0,0.0,0.0,0.0,0.0,0.0,
E_gbm,noise,0.3,3,30,316.0,0.0,0.0,0.0,0.0,0.0,
E_gbm,noise,0.3,3,60,316.0,0.0,0.0,0.0,0.0,0.0,
E_gbm,noise,0.3,5,5,316.0,0.0,0.0,0.0,0.0,0.0,
E_gbm,noise,0.3,5,10,316.0,0.0,0.0,0.0,0.0,0.0,
E_gbm,noise,0.3,5,15,316.0,0.0,0.0,0.0,0.0,0.0,
E_gbm,noise,0.3,5,30,316.0,0.0,0.0,0.0,0.0,0.0,
E_gbm,noise,0.3,5,60,316.0,0.0,0.0,0.0,0.0,0.0,
E_gbm,noise,0.3,10,5,316.0,0.0,0.0,0.0,0.0,0.0,
E_gbm,noise,0.3,10,10,316.0,0.0,0.0,0.0,0.0,0.0,
E_gbm,noise,0.3,10,15,316.0,0.0,0.0,0.0,0.0,0.0,
E_gbm,noise,0.3,10,30,316.0,0.0,0.0,0.0,0.0,0.0,
E_gbm,noise,0.3,10,60,316.0,0.0,0.0,0.0,0.0,0.0,
E_gbm,noise,0.5,1,5,316.0,5.4,4.4,2.727636339397171,30.759493670886076,25.06329113924051,1.2272727272727273
E_gbm,noise,0.5,1,10,316.0,5.4,3.4,2.0591260281974,30.759493670886076,19.367088607594937,1.5882352941176472
E_gbm,noise,0.5,1,15,316.0,5.4,2.8,1.4696938456699071,30.759493670886076,15.949367088607595,1.9285714285714288
E_gbm,noise,0.5,1,30,316.0,5.4,2.6,1.3564659966250538,30.759493670886076,14.810126582278482,2.076923076923077
E_gbm,noise,0.5,1,60,316.0,5.4,1.8,1.1661903789690602,30.759493670886076,10.253164556962025,3.0
E_gbm,noise,0.5,2,5,316.0,5.4,0.6,0.7999999999999999,30.759493670886076,3.4177215189873418,9.000000000000002
E_gbm,noise,0.5,2,10,316.0,5.4,0.6,0.7999999999999999,30.759493670886076,3.4177215189873418,9.000000000000002
E_gbm,noise,0.5,2,15,316.0,5.4,0.6,0.7999999999999999,30.759493670886076,3.4177215189873418,9.000000000000002
E_gbm,noise,0.5,2,30,316.0,5.4,0.6,0.7999999999999999,30.759493670886076,3.4177215189873418,9.000000000000002
E_gbm,noise,0.5,2,60,316.0,5.4,0.4,0.48989794855663565,30.759493670886076,2.278481012658228,13.5
E_gbm,noise,0.5,3,5,316.0,5.4,0.0,0.0,30.759493670886076,0.0,
E_gbm,noise,0.5,3,10,316.0,5.4,0.0,0.0,30.759493670886076,0.0,
E_gbm,noise,0.5,3,15,316.0,5.4,0.0,0.0,30.759493670886076,0.0,
E_gbm,noise,0.5,3,30,316.0,5.4,0.0,0.0,30.759493670886076,0.0,
E_gbm,noise,0.5,3,60,316.0,5.4,0.0,0.0,30.759493670886076,0.0,
E_gbm,noise,0.5,5,5,316.0,5.4,0.0,0.0,30.759493670886076,0.0,
E_gbm,noise,0.5,5,10,316.0,5.4,0.0,0.0,30.759493670886076,0.0,
E_gbm,noise,0.5,5,15,316.0,5.4,0.0,0.0,30.759493670886076,0.0,
E_gbm,noise,0.5,5,30,316.0,5.4,0.0,0.0,30.759493670886076,0.0,
E_gbm,noise,0.5,5,60,316.0,5.4,0.0,0.0,30.759493670886076,0.0,
E_gbm,noise,0.5,10,5,316.0,5.4,0.0,0.0,30.759493670886076,0.0,
E_gbm,noise,0.5,10,10,316.0,5.4,0.0,0.0,30.759493670886076,0.0,
E_gbm,noise,0.5,10,15,316.0,5.4,0.0,0.0,30.759493670886076,0.0,
E_gbm,noise,0.5,10,30,316.0,5.4,0.0,0.0,30.759493670886076,0.0,
E_gbm,noise,0.5,10,60,316.0,5.4,0.0,0.0,30.759493670886076,0.0,
RF,clean,0.0,1,5,316.0,0.0,0.0,0.0,0.0,0.0,
RF,clean,0.0,1,10,316.0,0.0,0.0,0.0,0.0,0.0,
RF,clean,0.0,1,15,316.0,0.0,0.0,0.0,0.0,0.0,
RF,clean,0.0,1,30,316.0,0.0,0.0,0.0,0.0,0.0,
RF,clean,0.0,1,60,316.0,0.0,0.0,0.0,0.0,0.0,
RF,clean,0.0,2,5,316.0,0.0,0.0,0.0,0.0,0.0,
RF,clean,0.0,2,10,316.0,0.0,0.0,0.0,0.0,0.0,
RF,clean,0.0,2,15,316.0,0.0,0.0,0.0,0.0,0.0,
RF,clean,0.0,2,30,316.0,0.0,0.0,0.0,0.0,0.0,
RF,clean,0.0,2,60,316.0,0.0,0.0,0.0,0.0,0.0,
RF,clean,0.0,3,5,316.0,0.0,0.0,0.0,0.0,0.0,
RF,clean,0.0,3,10,316.0,0.0,0.0,0.0,0.0,0.0,
RF,clean,0.0,3,15,316.0,0.0,0.0,0.0,0.0,0.0,
RF,clean,0.0,3,30,316.0,0.0,0.0,0.0,0.0,0.0,
RF,clean,0.0,3,60,316.0,0.0,0.0,0.0,0.0,0.0,
RF,clean,0.0,5,5,316.0,0.0,0.0,0.0,0.0,0.0,
RF,clean,0.0,5,10,316.0,0.0,0.0,0.0,0.0,0.0,
RF,clean,0.0,5,15,316.0,0.0,0.0,0.0,0.0,0.0,
RF,clean,0.0,5,30,316.0,0.0,0.0,0.0,0.0,0.0,
RF,clean,0.0,5,60,316.0,0.0,0.0,0.0,0.0,0.0,
RF,clean,0.0,10,5,316.0,0.0,0.0,0.0,0.0,0.0,
RF,clean,0.0,10,10,316.0,0.0,0.0,0.0,0.0,0.0,
RF,clean,0.0,10,15,316.0,0.0,0.0,0.0,0.0,0.0,
RF,clean,0.0,10,30,316.0,0.0,0.0,0.0,0.0,0.0,
RF,clean,0.0,10,60,316.0,0.0,0.0,0.0,0.0,0.0,
RF,dropout,1.0,1,5,316.0,2.2,0.4,0.8,12.531645569620254,2.278481012658228,5.5
RF,dropout,1.0,1,10,316.0,2.2,0.4,0.8,12.531645569620254,2.278481012658228,5.5
RF,dropout,1.0,1,15,316.0,2.2,0.4,0.8,12.531645569620254,2.278481012658228,5.5
RF,dropout,1.0,1,30,316.0,2.2,0.4,0.8,12.531645569620254,2.278481012658228,5.5
RF,dropout,1.0,1,60,316.0,2.2,0.4,0.8,12.531645569620254,2.278481012658228,5.5
RF,dropout,1.0,2,5,316.0,2.2,0.4,0.8,12.531645569620254,2.278481012658228,5.5
RF,dropout,1.0,2,10,316.0,2.2,0.4,0.8,12.531645569620254,2.278481012658228,5.5
RF,dropout,1.0,2,15,316.0,2.2,0.4,0.8,12.531645569620254,2.278481012658228,5.5
RF,dropout,1.0,2,30,316.0,2.2,0.4,0.8,12.531645569620254,2.278481012658228,5.5
RF,dropout,1.0,2,60,316.0,2.2,0.4,0.8,12.531645569620254,2.278481012658228,5.5
RF,dropout,1.0,3,5,316.0,2.2,0.4,0.8,12.531645569620254,2.278481012658228,5.5
RF,dropout,1.0,3,10,316.0,2.2,0.4,0.8,12.531645569620254,2.278481012658228,5.5
RF,dropout,1.0,3,15,316.0,2.2,0.4,0.8,12.531645569620254,2.278481012658228,5.5
RF,dropout,1.0,3,30,316.0,2.2,0.4,0.8,12.531645569620254,2.278481012658228,5.5
RF,dropout,1.0,3,60,316.0,2.2,0.4,0.8,12.531645569620254,2.278481012658228,5.5
RF,dropout,1.0,5,5,316.0,2.2,0.2,0.4,12.531645569620254,1.139240506329114,11.0
RF,dropout,1.0,5,10,316.0,2.2,0.2,0.4,12.531645569620254,1.139240506329114,11.0
RF,dropout,1.0,5,15,316.0,2.2,0.2,0.4,12.531645569620254,1.139240506329114,11.0
RF,dropout,1.0,5,30,316.0,2.2,0.2,0.4,12.531645569620254,1.139240506329114,11.0
RF,dropout,1.0,5,60,316.0,2.2,0.2,0.4,12.531645569620254,1.139240506329114,11.0
RF,dropout,1.0,10,5,316.0,2.2,0.0,0.0,12.531645569620254,0.0,
RF,dropout,1.0,10,10,316.0,2.2,0.0,0.0,12.531645569620254,0.0,
RF,dropout,1.0,10,15,316.0,2.2,0.0,0.0,12.531645569620254,0.0,
RF,dropout,1.0,10,30,316.0,2.2,0.0,0.0,12.531645569620254,0.0,
RF,dropout,1.0,10,60,316.0,2.2,0.0,0.0,12.531645569620254,0.0,
RF,dropout,4.0,1,5,316.0,20.0,1.4,1.9595917942265426,113.92405063291139,7.974683544303797,14.285714285714286
RF,dropout,4.0,1,10,316.0,20.0,1.4,1.9595917942265426,113.92405063291139,7.974683544303797,14.285714285714286
RF,dropout,4.0,1,15,316.0,20.0,1.4,1.9595917942265426,113.92405063291139,7.974683544303797,14.285714285714286
RF,dropout,4.0,1,30,316.0,20.0,1.4,1.9595917942265426,113.92405063291139,7.974683544303797,14.285714285714286
RF,dropout,4.0,1,60,316.0,20.0,0.6,0.7999999999999999,113.92405063291139,3.4177215189873418,33.333333333333336
RF,dropout,4.0,2,5,316.0,20.0,1.2,1.9390719429665317,113.92405063291139,6.8354430379746836,16.666666666666668
RF,dropout,4.0,2,10,316.0,20.0,1.2,1.9390719429665317,113.92405063291139,6.8354430379746836,16.666666666666668
RF,dropout,4.0,2,15,316.0,20.0,1.2,1.9390719429665317,113.92405063291139,6.8354430379746836,16.666666666666668
RF,dropout,4.0,2,30,316.0,20.0,1.2,1.9390719429665317,113.92405063291139,6.8354430379746836,16.666666666666668
RF,dropout,4.0,2,60,316.0,20.0,0.4,0.48989794855663565,113.92405063291139,2.278481012658228,50.0
RF,dropout,4.0,3,5,316.0,20.0,1.2,1.9390719429665317,113.92405063291139,6.8354430379746836,16.666666666666668
RF,dropout,4.0,3,10,316.0,20.0,1.2,1.9390719429665317,113.92405063291139,6.8354430379746836,16.666666666666668
RF,dropout,4.0,3,15,316.0,20.0,1.2,1.9390719429665317,113.92405063291139,6.8354430379746836,16.666666666666668
RF,dropout,4.0,3,30,316.0,20.0,1.2,1.9390719429665317,113.92405063291139,6.8354430379746836,16.666666666666668
RF,dropout,4.0,3,60,316.0,20.0,0.4,0.48989794855663565,113.92405063291139,2.278481012658228,50.0
RF,dropout,4.0,5,5,316.0,20.0,1.0,2.0,113.92405063291139,5.69620253164557,20.0
RF,dropout,4.0,5,10,316.0,20.0,1.0,2.0,113.92405063291139,5.69620253164557,20.0
RF,dropout,4.0,5,15,316.0,20.0,1.0,2.0,113.92405063291139,5.69620253164557,20.0
RF,dropout,4.0,5,30,316.0,20.0,1.0,2.0,113.92405063291139,5.69620253164557,20.0
RF,dropout,4.0,5,60,316.0,20.0,0.2,0.4,113.92405063291139,1.139240506329114,100.0
RF,dropout,4.0,10,5,316.0,20.0,0.8,1.6,113.92405063291139,4.556962025316456,25.0
RF,dropout,4.0,10,10,316.0,20.0,0.8,1.6,113.92405063291139,4.556962025316456,25.0
RF,dropout,4.0,10,15,316.0,20.0,0.8,1.6,113.92405063291139,4.556962025316456,25.0
RF,dropout,4.0,10,30,316.0,20.0,0.8,1.6,113.92405063291139,4.556962025316456,25.0
RF,dropout,4.0,10,60,316.0,20.0,0.2,0.4,113.92405063291139,1.139240506329114,100.0
RF,dropout,7.0,1,5,316.0,164.0,1.8,1.16619037896906,934.1772151898734,10.253164556962025,91.11111111111111
RF,dropout,7.0,1,10,316.0,164.0,1.6,1.019803902718557,934.1772151898734,9.113924050632912,102.5
RF,dropout,7.0,1,15,316.0,164.0,1.6,1.019803902718557,934.1772151898734,9.113924050632912,102.5
RF,dropout,7.0,1,30,316.0,164.0,1.4,1.019803902718557,934.1772151898734,7.974683544303797,117.14285714285715
RF,dropout,7.0,1,60,316.0,164.0,1.0,0.6324555320336759,934.1772151898734,5.69620253164557,164.0
RF,dropout,7.0,2,5,316.0,164.0,1.8,1.16619037896906,934.1772151898734,10.253164556962025,91.11111111111111
RF,dropout,7.0,2,10,316.0,164.0,1.6,1.019803902718557,934.1772151898734,9.113924050632912,102.5
RF,dropout,7.0,2,15,316.0,164.0,1.6,1.019803902718557,934.1772151898734,9.113924050632912,102.5
RF,dropout,7.0,2,30,316.0,164.0,1.4,1.019803902718557,934.1772151898734,7.974683544303797,117.14285714285715
RF,dropout,7.0,2,60,316.0,164.0,1.0,0.6324555320336759,934.1772151898734,5.69620253164557,164.0
RF,dropout,7.0,3,5,316.0,164.0,1.6,1.2000000000000002,934.1772151898734,9.113924050632912,102.5
RF,dropout,7.0,3,10,316.0,164.0,1.4,1.019803902718557,934.1772151898734,7.974683544303797,117.14285714285715
RF,dropout,7.0,3,15,316.0,164.0,1.4,1.019803902718557,934.1772151898734,7.974683544303797,117.14285714285715
RF,dropout,7.0,3,30,316.0,164.0,1.2,0.9797958971132713,934.1772151898734,6.8354430379746836,136.66666666666669
RF,dropout,7.0,3,60,316.0,164.0,0.8,0.4,934.1772151898734,4.556962025316456,205.0
RF,dropout,7.0,5,5,316.0,164.0,1.6,1.2000000000000002,934.1772151898734,9.113924050632912,102.5
RF,dropout,7.0,5,10,316.0,164.0,1.4,1.019803902718557,934.1772151898734,7.974683544303797,117.14285714285715
RF,dropout,7.0,5,15,316.0,164.0,1.4,1.019803902718557,934.1772151898734,7.974683544303797,117.14285714285715
RF,dropout,7.0,5,30,316.0,164.0,1.2,0.9797958971132713,934.1772151898734,6.8354430379746836,136.66666666666669
RF,dropout,7.0,5,60,316.0,164.0,0.8,0.4,934.1772151898734,4.556962025316456,205.0
RF,dropout,7.0,10,5,316.0,164.0,1.6,1.2000000000000002,934.1772151898734,9.113924050632912,102.5
RF,dropout,7.0,10,10,316.0,164.0,1.4,1.019803902718557,934.1772151898734,7.974683544303797,117.14285714285715
RF,dropout,7.0,10,15,316.0,164.0,1.4,1.019803902718557,934.1772151898734,7.974683544303797,117.14285714285715
RF,dropout,7.0,10,30,316.0,164.0,1.2,0.9797958971132713,934.1772151898734,6.8354430379746836,136.66666666666669
RF,dropout,7.0,10,60,316.0,164.0,0.8,0.4,934.1772151898734,4.556962025316456,205.0
RF,drift,0.3,1,5,316.0,0.0,0.0,0.0,0.0,0.0,
RF,drift,0.3,1,10,316.0,0.0,0.0,0.0,0.0,0.0,
RF,drift,0.3,1,15,316.0,0.0,0.0,0.0,0.0,0.0,
RF,drift,0.3,1,30,316.0,0.0,0.0,0.0,0.0,0.0,
RF,drift,0.3,1,60,316.0,0.0,0.0,0.0,0.0,0.0,
RF,drift,0.3,2,5,316.0,0.0,0.0,0.0,0.0,0.0,
RF,drift,0.3,2,10,316.0,0.0,0.0,0.0,0.0,0.0,
RF,drift,0.3,2,15,316.0,0.0,0.0,0.0,0.0,0.0,
RF,drift,0.3,2,30,316.0,0.0,0.0,0.0,0.0,0.0,
RF,drift,0.3,2,60,316.0,0.0,0.0,0.0,0.0,0.0,
RF,drift,0.3,3,5,316.0,0.0,0.0,0.0,0.0,0.0,
RF,drift,0.3,3,10,316.0,0.0,0.0,0.0,0.0,0.0,
RF,drift,0.3,3,15,316.0,0.0,0.0,0.0,0.0,0.0,
RF,drift,0.3,3,30,316.0,0.0,0.0,0.0,0.0,0.0,
RF,drift,0.3,3,60,316.0,0.0,0.0,0.0,0.0,0.0,
RF,drift,0.3,5,5,316.0,0.0,0.0,0.0,0.0,0.0,
RF,drift,0.3,5,10,316.0,0.0,0.0,0.0,0.0,0.0,
RF,drift,0.3,5,15,316.0,0.0,0.0,0.0,0.0,0.0,
RF,drift,0.3,5,30,316.0,0.0,0.0,0.0,0.0,0.0,
RF,drift,0.3,5,60,316.0,0.0,0.0,0.0,0.0,0.0,
RF,drift,0.3,10,5,316.0,0.0,0.0,0.0,0.0,0.0,
RF,drift,0.3,10,10,316.0,0.0,0.0,0.0,0.0,0.0,
RF,drift,0.3,10,15,316.0,0.0,0.0,0.0,0.0,0.0,
RF,drift,0.3,10,30,316.0,0.0,0.0,0.0,0.0,0.0,
RF,drift,0.3,10,60,316.0,0.0,0.0,0.0,0.0,0.0,
RF,drift,0.5,1,5,316.0,0.0,0.0,0.0,0.0,0.0,
RF,drift,0.5,1,10,316.0,0.0,0.0,0.0,0.0,0.0,
RF,drift,0.5,1,15,316.0,0.0,0.0,0.0,0.0,0.0,
RF,drift,0.5,1,30,316.0,0.0,0.0,0.0,0.0,0.0,
RF,drift,0.5,1,60,316.0,0.0,0.0,0.0,0.0,0.0,
RF,drift,0.5,2,5,316.0,0.0,0.0,0.0,0.0,0.0,
RF,drift,0.5,2,10,316.0,0.0,0.0,0.0,0.0,0.0,
RF,drift,0.5,2,15,316.0,0.0,0.0,0.0,0.0,0.0,
RF,drift,0.5,2,30,316.0,0.0,0.0,0.0,0.0,0.0,
RF,drift,0.5,2,60,316.0,0.0,0.0,0.0,0.0,0.0,
RF,drift,0.5,3,5,316.0,0.0,0.0,0.0,0.0,0.0,
RF,drift,0.5,3,10,316.0,0.0,0.0,0.0,0.0,0.0,
RF,drift,0.5,3,15,316.0,0.0,0.0,0.0,0.0,0.0,
RF,drift,0.5,3,30,316.0,0.0,0.0,0.0,0.0,0.0,
RF,drift,0.5,3,60,316.0,0.0,0.0,0.0,0.0,0.0,
RF,drift,0.5,5,5,316.0,0.0,0.0,0.0,0.0,0.0,
RF,drift,0.5,5,10,316.0,0.0,0.0,0.0,0.0,0.0,
RF,drift,0.5,5,15,316.0,0.0,0.0,0.0,0.0,0.0,
RF,drift,0.5,5,30,316.0,0.0,0.0,0.0,0.0,0.0,
RF,drift,0.5,5,60,316.0,0.0,0.0,0.0,0.0,0.0,
RF,drift,0.5,10,5,316.0,0.0,0.0,0.0,0.0,0.0,
RF,drift,0.5,10,10,316.0,0.0,0.0,0.0,0.0,0.0,
RF,drift,0.5,10,15,316.0,0.0,0.0,0.0,0.0,0.0,
RF,drift,0.5,10,30,316.0,0.0,0.0,0.0,0.0,0.0,
RF,drift,0.5,10,60,316.0,0.0,0.0,0.0,0.0,0.0,
RF,noise,0.3,1,5,316.0,0.0,0.0,0.0,0.0,0.0,
RF,noise,0.3,1,10,316.0,0.0,0.0,0.0,0.0,0.0,
RF,noise,0.3,1,15,316.0,0.0,0.0,0.0,0.0,0.0,
RF,noise,0.3,1,30,316.0,0.0,0.0,0.0,0.0,0.0,
RF,noise,0.3,1,60,316.0,0.0,0.0,0.0,0.0,0.0,
RF,noise,0.3,2,5,316.0,0.0,0.0,0.0,0.0,0.0,
RF,noise,0.3,2,10,316.0,0.0,0.0,0.0,0.0,0.0,
RF,noise,0.3,2,15,316.0,0.0,0.0,0.0,0.0,0.0,
RF,noise,0.3,2,30,316.0,0.0,0.0,0.0,0.0,0.0,
RF,noise,0.3,2,60,316.0,0.0,0.0,0.0,0.0,0.0,
RF,noise,0.3,3,5,316.0,0.0,0.0,0.0,0.0,0.0,
RF,noise,0.3,3,10,316.0,0.0,0.0,0.0,0.0,0.0,
RF,noise,0.3,3,15,316.0,0.0,0.0,0.0,0.0,0.0,
RF,noise,0.3,3,30,316.0,0.0,0.0,0.0,0.0,0.0,
RF,noise,0.3,3,60,316.0,0.0,0.0,0.0,0.0,0.0,
RF,noise,0.3,5,5,316.0,0.0,0.0,0.0,0.0,0.0,
RF,noise,0.3,5,10,316.0,0.0,0.0,0.0,0.0,0.0,
RF,noise,0.3,5,15,316.0,0.0,0.0,0.0,0.0,0.0,
RF,noise,0.3,5,30,316.0,0.0,0.0,0.0,0.0,0.0,
RF,noise,0.3,5,60,316.0,0.0,0.0,0.0,0.0,0.0,
RF,noise,0.3,10,5,316.0,0.0,0.0,0.0,0.0,0.0,
RF,noise,0.3,10,10,316.0,0.0,0.0,0.0,0.0,0.0,
RF,noise,0.3,10,15,316.0,0.0,0.0,0.0,0.0,0.0,
RF,noise,0.3,10,30,316.0,0.0,0.0,0.0,0.0,0.0,
RF,noise,0.3,10,60,316.0,0.0,0.0,0.0,0.0,0.0,
RF,noise,0.5,1,5,316.0,2.2,2.2,0.9797958971132712,12.531645569620254,12.531645569620254,1.0
RF,noise,0.5,1,10,316.0,2.2,2.2,0.9797958971132712,12.531645569620254,12.531645569620254,1.0
RF,noise,0.5,1,15,316.0,2.2,2.2,0.9797958971132712,12.531645569620254,12.531645569620254,1.0
RF,noise,0.5,1,30,316.0,2.2,2.0,0.8944271909999159,12.531645569620254,11.39240506329114,1.1
RF,noise,0.5,1,60,316.0,2.2,1.8,0.7483314773547883,12.531645569620254,10.253164556962025,1.2222222222222223
RF,noise,0.5,2,5,316.0,2.2,0.0,0.0,12.531645569620254,0.0,
RF,noise,0.5,2,10,316.0,2.2,0.0,0.0,12.531645569620254,0.0,
RF,noise,0.5,2,15,316.0,2.2,0.0,0.0,12.531645569620254,0.0,
RF,noise,0.5,2,30,316.0,2.2,0.0,0.0,12.531645569620254,0.0,
RF,noise,0.5,2,60,316.0,2.2,0.0,0.0,12.531645569620254,0.0,
RF,noise,0.5,3,5,316.0,2.2,0.0,0.0,12.531645569620254,0.0,
RF,noise,0.5,3,10,316.0,2.2,0.0,0.0,12.531645569620254,0.0,
RF,noise,0.5,3,15,316.0,2.2,0.0,0.0,12.531645569620254,0.0,
RF,noise,0.5,3,30,316.0,2.2,0.0,0.0,12.531645569620254,0.0,
RF,noise,0.5,3,60,316.0,2.2,0.0,0.0,12.531645569620254,0.0,
RF,noise,0.5,5,5,316.0,2.2,0.0,0.0,12.531645569620254,0.0,
RF,noise,0.5,5,10,316.0,2.2,0.0,0.0,12.531645569620254,0.0,
RF,noise,0.5,5,15,316.0,2.2,0.0,0.0,12.531645569620254,0.0,
RF,noise,0.5,5,30,316.0,2.2,0.0,0.0,12.531645569620254,0.0,
RF,noise,0.5,5,60,316.0,2.2,0.0,0.0,12.531645569620254,0.0,
RF,noise,0.5,10,5,316.0,2.2,0.0,0.0,12.531645569620254,0.0,
RF,noise,0.5,10,10,316.0,2.2,0.0,0.0,12.531645569620254,0.0,
RF,noise,0.5,10,15,316.0,2.2,0.0,0.0,12.531645569620254,0.0,
RF,noise,0.5,10,30,316.0,2.2,0.0,0.0,12.531645569620254,0.0,
RF,noise,0.5,10,60,316.0,2.2,0.0,0.0,12.531645569620254,0.0,
ThresholdRule,clean,0.0,1,5,316.0,0.0,0.0,0.0,0.0,0.0,
ThresholdRule,clean,0.0,1,10,316.0,0.0,0.0,0.0,0.0,0.0,
ThresholdRule,clean,0.0,1,15,316.0,0.0,0.0,0.0,0.0,0.0,
ThresholdRule,clean,0.0,1,30,316.0,0.0,0.0,0.0,0.0,0.0,
ThresholdRule,clean,0.0,1,60,316.0,0.0,0.0,0.0,0.0,0.0,
ThresholdRule,clean,0.0,2,5,316.0,0.0,0.0,0.0,0.0,0.0,
ThresholdRule,clean,0.0,2,10,316.0,0.0,0.0,0.0,0.0,0.0,
ThresholdRule,clean,0.0,2,15,316.0,0.0,0.0,0.0,0.0,0.0,
ThresholdRule,clean,0.0,2,30,316.0,0.0,0.0,0.0,0.0,0.0,
ThresholdRule,clean,0.0,2,60,316.0,0.0,0.0,0.0,0.0,0.0,
ThresholdRule,clean,0.0,3,5,316.0,0.0,0.0,0.0,0.0,0.0,
ThresholdRule,clean,0.0,3,10,316.0,0.0,0.0,0.0,0.0,0.0,
ThresholdRule,clean,0.0,3,15,316.0,0.0,0.0,0.0,0.0,0.0,
ThresholdRule,clean,0.0,3,30,316.0,0.0,0.0,0.0,0.0,0.0,
ThresholdRule,clean,0.0,3,60,316.0,0.0,0.0,0.0,0.0,0.0,
ThresholdRule,clean,0.0,5,5,316.0,0.0,0.0,0.0,0.0,0.0,
ThresholdRule,clean,0.0,5,10,316.0,0.0,0.0,0.0,0.0,0.0,
ThresholdRule,clean,0.0,5,15,316.0,0.0,0.0,0.0,0.0,0.0,
ThresholdRule,clean,0.0,5,30,316.0,0.0,0.0,0.0,0.0,0.0,
ThresholdRule,clean,0.0,5,60,316.0,0.0,0.0,0.0,0.0,0.0,
ThresholdRule,clean,0.0,10,5,316.0,0.0,0.0,0.0,0.0,0.0,
ThresholdRule,clean,0.0,10,10,316.0,0.0,0.0,0.0,0.0,0.0,
ThresholdRule,clean,0.0,10,15,316.0,0.0,0.0,0.0,0.0,0.0,
ThresholdRule,clean,0.0,10,30,316.0,0.0,0.0,0.0,0.0,0.0,
ThresholdRule,clean,0.0,10,60,316.0,0.0,0.0,0.0,0.0,0.0,
ThresholdRule,dropout,1.0,1,5,316.0,63.2,0.2,0.4,360.0,1.139240506329114,316.0
ThresholdRule,dropout,1.0,1,10,316.0,63.2,0.2,0.4,360.0,1.139240506329114,316.0
ThresholdRule,dropout,1.0,1,15,316.0,63.2,0.2,0.4,360.0,1.139240506329114,316.0
ThresholdRule,dropout,1.0,1,30,316.0,63.2,0.2,0.4,360.0,1.139240506329114,316.0
ThresholdRule,dropout,1.0,1,60,316.0,63.2,0.2,0.4,360.0,1.139240506329114,316.0
ThresholdRule,dropout,1.0,2,5,316.0,63.2,0.2,0.4,360.0,1.139240506329114,316.0
ThresholdRule,dropout,1.0,2,10,316.0,63.2,0.2,0.4,360.0,1.139240506329114,316.0
ThresholdRule,dropout,1.0,2,15,316.0,63.2,0.2,0.4,360.0,1.139240506329114,316.0
ThresholdRule,dropout,1.0,2,30,316.0,63.2,0.2,0.4,360.0,1.139240506329114,316.0
ThresholdRule,dropout,1.0,2,60,316.0,63.2,0.2,0.4,360.0,1.139240506329114,316.0
ThresholdRule,dropout,1.0,3,5,316.0,63.2,0.2,0.4,360.0,1.139240506329114,316.0
ThresholdRule,dropout,1.0,3,10,316.0,63.2,0.2,0.4,360.0,1.139240506329114,316.0
ThresholdRule,dropout,1.0,3,15,316.0,63.2,0.2,0.4,360.0,1.139240506329114,316.0
ThresholdRule,dropout,1.0,3,30,316.0,63.2,0.2,0.4,360.0,1.139240506329114,316.0
ThresholdRule,dropout,1.0,3,60,316.0,63.2,0.2,0.4,360.0,1.139240506329114,316.0
ThresholdRule,dropout,1.0,5,5,316.0,63.2,0.2,0.4,360.0,1.139240506329114,316.0
ThresholdRule,dropout,1.0,5,10,316.0,63.2,0.2,0.4,360.0,1.139240506329114,316.0
ThresholdRule,dropout,1.0,5,15,316.0,63.2,0.2,0.4,360.0,1.139240506329114,316.0
ThresholdRule,dropout,1.0,5,30,316.0,63.2,0.2,0.4,360.0,1.139240506329114,316.0
ThresholdRule,dropout,1.0,5,60,316.0,63.2,0.2,0.4,360.0,1.139240506329114,316.0
ThresholdRule,dropout,1.0,10,5,316.0,63.2,0.2,0.4,360.0,1.139240506329114,316.0
ThresholdRule,dropout,1.0,10,10,316.0,63.2,0.2,0.4,360.0,1.139240506329114,316.0
ThresholdRule,dropout,1.0,10,15,316.0,63.2,0.2,0.4,360.0,1.139240506329114,316.0
ThresholdRule,dropout,1.0,10,30,316.0,63.2,0.2,0.4,360.0,1.139240506329114,316.0
ThresholdRule,dropout,1.0,10,60,316.0,63.2,0.2,0.4,360.0,1.139240506329114,316.0
ThresholdRule,dropout,4.0,1,5,316.0,126.4,0.4,0.48989794855663565,720.0,2.278481012658228,316.0
ThresholdRule,dropout,4.0,1,10,316.0,126.4,0.4,0.48989794855663565,720.0,2.278481012658228,316.0
ThresholdRule,dropout,4.0,1,15,316.0,126.4,0.4,0.48989794855663565,720.0,2.278481012658228,316.0
ThresholdRule,dropout,4.0,1,30,316.0,126.4,0.4,0.48989794855663565,720.0,2.278481012658228,316.0
ThresholdRule,dropout,4.0,1,60,316.0,126.4,0.4,0.48989794855663565,720.0,2.278481012658228,316.0
ThresholdRule,dropout,4.0,2,5,316.0,126.4,0.4,0.48989794855663565,720.0,2.278481012658228,316.0
ThresholdRule,dropout,4.0,2,10,316.0,126.4,0.4,0.48989794855663565,720.0,2.278481012658228,316.0
ThresholdRule,dropout,4.0,2,15,316.0,126.4,0.4,0.48989794855663565,720.0,2.278481012658228,316.0
ThresholdRule,dropout,4.0,2,30,316.0,126.4,0.4,0.48989794855663565,720.0,2.278481012658228,316.0
ThresholdRule,dropout,4.0,2,60,316.0,126.4,0.4,0.48989794855663565,720.0,2.278481012658228,316.0
ThresholdRule,dropout,4.0,3,5,316.0,126.4,0.4,0.48989794855663565,720.0,2.278481012658228,316.0
ThresholdRule,dropout,4.0,3,10,316.0,126.4,0.4,0.48989794855663565,720.0,2.278481012658228,316.0
ThresholdRule,dropout,4.0,3,15,316.0,126.4,0.4,0.48989794855663565,720.0,2.278481012658228,316.0
ThresholdRule,dropout,4.0,3,30,316.0,126.4,0.4,0.48989794855663565,720.0,2.278481012658228,316.0
ThresholdRule,dropout,4.0,3,60,316.0,126.4,0.4,0.48989794855663565,720.0,2.278481012658228,316.0
ThresholdRule,dropout,4.0,5,5,316.0,126.4,0.4,0.48989794855663565,720.0,2.278481012658228,316.0
ThresholdRule,dropout,4.0,5,10,316.0,126.4,0.4,0.48989794855663565,720.0,2.278481012658228,316.0
ThresholdRule,dropout,4.0,5,15,316.0,126.4,0.4,0.48989794855663565,720.0,2.278481012658228,316.0
ThresholdRule,dropout,4.0,5,30,316.0,126.4,0.4,0.48989794855663565,720.0,2.278481012658228,316.0
ThresholdRule,dropout,4.0,5,60,316.0,126.4,0.4,0.48989794855663565,720.0,2.278481012658228,316.0
ThresholdRule,dropout,4.0,10,5,316.0,126.4,0.4,0.48989794855663565,720.0,2.278481012658228,316.0
ThresholdRule,dropout,4.0,10,10,316.0,126.4,0.4,0.48989794855663565,720.0,2.278481012658228,316.0
ThresholdRule,dropout,4.0,10,15,316.0,126.4,0.4,0.48989794855663565,720.0,2.278481012658228,316.0
ThresholdRule,dropout,4.0,10,30,316.0,126.4,0.4,0.48989794855663565,720.0,2.278481012658228,316.0
ThresholdRule,dropout,4.0,10,60,316.0,126.4,0.4,0.48989794855663565,720.0,2.278481012658228,316.0
ThresholdRule,dropout,7.0,1,5,316.0,316.0,1.0,0.0,1800.0,5.69620253164557,316.0
ThresholdRule,dropout,7.0,1,10,316.0,316.0,1.0,0.0,1800.0,5.69620253164557,316.0
ThresholdRule,dropout,7.0,1,15,316.0,316.0,1.0,0.0,1800.0,5.69620253164557,316.0
ThresholdRule,dropout,7.0,1,30,316.0,316.0,1.0,0.0,1800.0,5.69620253164557,316.0
ThresholdRule,dropout,7.0,1,60,316.0,316.0,1.0,0.0,1800.0,5.69620253164557,316.0
ThresholdRule,dropout,7.0,2,5,316.0,316.0,1.0,0.0,1800.0,5.69620253164557,316.0
ThresholdRule,dropout,7.0,2,10,316.0,316.0,1.0,0.0,1800.0,5.69620253164557,316.0
ThresholdRule,dropout,7.0,2,15,316.0,316.0,1.0,0.0,1800.0,5.69620253164557,316.0
ThresholdRule,dropout,7.0,2,30,316.0,316.0,1.0,0.0,1800.0,5.69620253164557,316.0
ThresholdRule,dropout,7.0,2,60,316.0,316.0,1.0,0.0,1800.0,5.69620253164557,316.0
ThresholdRule,dropout,7.0,3,5,316.0,316.0,1.0,0.0,1800.0,5.69620253164557,316.0
ThresholdRule,dropout,7.0,3,10,316.0,316.0,1.0,0.0,1800.0,5.69620253164557,316.0
ThresholdRule,dropout,7.0,3,15,316.0,316.0,1.0,0.0,1800.0,5.69620253164557,316.0
ThresholdRule,dropout,7.0,3,30,316.0,316.0,1.0,0.0,1800.0,5.69620253164557,316.0
ThresholdRule,dropout,7.0,3,60,316.0,316.0,1.0,0.0,1800.0,5.69620253164557,316.0
ThresholdRule,dropout,7.0,5,5,316.0,316.0,1.0,0.0,1800.0,5.69620253164557,316.0
ThresholdRule,dropout,7.0,5,10,316.0,316.0,1.0,0.0,1800.0,5.69620253164557,316.0
ThresholdRule,dropout,7.0,5,15,316.0,316.0,1.0,0.0,1800.0,5.69620253164557,316.0
ThresholdRule,dropout,7.0,5,30,316.0,316.0,1.0,0.0,1800.0,5.69620253164557,316.0
ThresholdRule,dropout,7.0,5,60,316.0,316.0,1.0,0.0,1800.0,5.69620253164557,316.0
ThresholdRule,dropout,7.0,10,5,316.0,316.0,1.0,0.0,1800.0,5.69620253164557,316.0
ThresholdRule,dropout,7.0,10,10,316.0,316.0,1.0,0.0,1800.0,5.69620253164557,316.0
ThresholdRule,dropout,7.0,10,15,316.0,316.0,1.0,0.0,1800.0,5.69620253164557,316.0
ThresholdRule,dropout,7.0,10,30,316.0,316.0,1.0,0.0,1800.0,5.69620253164557,316.0
ThresholdRule,dropout,7.0,10,60,316.0,316.0,1.0,0.0,1800.0,5.69620253164557,316.0
ThresholdRule,drift,0.3,1,5,316.0,0.0,0.0,0.0,0.0,0.0,
ThresholdRule,drift,0.3,1,10,316.0,0.0,0.0,0.0,0.0,0.0,
ThresholdRule,drift,0.3,1,15,316.0,0.0,0.0,0.0,0.0,0.0,
ThresholdRule,drift,0.3,1,30,316.0,0.0,0.0,0.0,0.0,0.0,
ThresholdRule,drift,0.3,1,60,316.0,0.0,0.0,0.0,0.0,0.0,
ThresholdRule,drift,0.3,2,5,316.0,0.0,0.0,0.0,0.0,0.0,
ThresholdRule,drift,0.3,2,10,316.0,0.0,0.0,0.0,0.0,0.0,
ThresholdRule,drift,0.3,2,15,316.0,0.0,0.0,0.0,0.0,0.0,
ThresholdRule,drift,0.3,2,30,316.0,0.0,0.0,0.0,0.0,0.0,
ThresholdRule,drift,0.3,2,60,316.0,0.0,0.0,0.0,0.0,0.0,
ThresholdRule,drift,0.3,3,5,316.0,0.0,0.0,0.0,0.0,0.0,
ThresholdRule,drift,0.3,3,10,316.0,0.0,0.0,0.0,0.0,0.0,
ThresholdRule,drift,0.3,3,15,316.0,0.0,0.0,0.0,0.0,0.0,
ThresholdRule,drift,0.3,3,30,316.0,0.0,0.0,0.0,0.0,0.0,
ThresholdRule,drift,0.3,3,60,316.0,0.0,0.0,0.0,0.0,0.0,
ThresholdRule,drift,0.3,5,5,316.0,0.0,0.0,0.0,0.0,0.0,
ThresholdRule,drift,0.3,5,10,316.0,0.0,0.0,0.0,0.0,0.0,
ThresholdRule,drift,0.3,5,15,316.0,0.0,0.0,0.0,0.0,0.0,
ThresholdRule,drift,0.3,5,30,316.0,0.0,0.0,0.0,0.0,0.0,
ThresholdRule,drift,0.3,5,60,316.0,0.0,0.0,0.0,0.0,0.0,
ThresholdRule,drift,0.3,10,5,316.0,0.0,0.0,0.0,0.0,0.0,
ThresholdRule,drift,0.3,10,10,316.0,0.0,0.0,0.0,0.0,0.0,
ThresholdRule,drift,0.3,10,15,316.0,0.0,0.0,0.0,0.0,0.0,
ThresholdRule,drift,0.3,10,30,316.0,0.0,0.0,0.0,0.0,0.0,
ThresholdRule,drift,0.3,10,60,316.0,0.0,0.0,0.0,0.0,0.0,
ThresholdRule,drift,0.5,1,5,316.0,0.0,0.0,0.0,0.0,0.0,
ThresholdRule,drift,0.5,1,10,316.0,0.0,0.0,0.0,0.0,0.0,
ThresholdRule,drift,0.5,1,15,316.0,0.0,0.0,0.0,0.0,0.0,
ThresholdRule,drift,0.5,1,30,316.0,0.0,0.0,0.0,0.0,0.0,
ThresholdRule,drift,0.5,1,60,316.0,0.0,0.0,0.0,0.0,0.0,
ThresholdRule,drift,0.5,2,5,316.0,0.0,0.0,0.0,0.0,0.0,
ThresholdRule,drift,0.5,2,10,316.0,0.0,0.0,0.0,0.0,0.0,
ThresholdRule,drift,0.5,2,15,316.0,0.0,0.0,0.0,0.0,0.0,
ThresholdRule,drift,0.5,2,30,316.0,0.0,0.0,0.0,0.0,0.0,
ThresholdRule,drift,0.5,2,60,316.0,0.0,0.0,0.0,0.0,0.0,
ThresholdRule,drift,0.5,3,5,316.0,0.0,0.0,0.0,0.0,0.0,
ThresholdRule,drift,0.5,3,10,316.0,0.0,0.0,0.0,0.0,0.0,
ThresholdRule,drift,0.5,3,15,316.0,0.0,0.0,0.0,0.0,0.0,
ThresholdRule,drift,0.5,3,30,316.0,0.0,0.0,0.0,0.0,0.0,
ThresholdRule,drift,0.5,3,60,316.0,0.0,0.0,0.0,0.0,0.0,
ThresholdRule,drift,0.5,5,5,316.0,0.0,0.0,0.0,0.0,0.0,
ThresholdRule,drift,0.5,5,10,316.0,0.0,0.0,0.0,0.0,0.0,
ThresholdRule,drift,0.5,5,15,316.0,0.0,0.0,0.0,0.0,0.0,
ThresholdRule,drift,0.5,5,30,316.0,0.0,0.0,0.0,0.0,0.0,
ThresholdRule,drift,0.5,5,60,316.0,0.0,0.0,0.0,0.0,0.0,
ThresholdRule,drift,0.5,10,5,316.0,0.0,0.0,0.0,0.0,0.0,
ThresholdRule,drift,0.5,10,10,316.0,0.0,0.0,0.0,0.0,0.0,
ThresholdRule,drift,0.5,10,15,316.0,0.0,0.0,0.0,0.0,0.0,
ThresholdRule,drift,0.5,10,30,316.0,0.0,0.0,0.0,0.0,0.0,
ThresholdRule,drift,0.5,10,60,316.0,0.0,0.0,0.0,0.0,0.0,
ThresholdRule,noise,0.3,1,5,316.0,5.4,4.4,1.9595917942265424,30.759493670886076,25.06329113924051,1.2272727272727273
ThresholdRule,noise,0.3,1,10,316.0,5.4,4.2,1.7204650534085253,30.759493670886076,23.924050632911392,1.2857142857142858
ThresholdRule,noise,0.3,1,15,316.0,5.4,3.4,1.3564659966250538,30.759493670886076,19.367088607594937,1.5882352941176472
ThresholdRule,noise,0.3,1,30,316.0,5.4,2.8,1.16619037896906,30.759493670886076,15.949367088607595,1.9285714285714288
ThresholdRule,noise,0.3,1,60,316.0,5.4,2.0,0.6324555320336759,30.759493670886076,11.39240506329114,2.7
ThresholdRule,noise,0.3,2,5,316.0,5.4,0.4,0.48989794855663565,30.759493670886076,2.278481012658228,13.5
ThresholdRule,noise,0.3,2,10,316.0,5.4,0.4,0.48989794855663565,30.759493670886076,2.278481012658228,13.5
ThresholdRule,noise,0.3,2,15,316.0,5.4,0.4,0.48989794855663565,30.759493670886076,2.278481012658228,13.5
ThresholdRule,noise,0.3,2,30,316.0,5.4,0.4,0.48989794855663565,30.759493670886076,2.278481012658228,13.5
ThresholdRule,noise,0.3,2,60,316.0,5.4,0.4,0.48989794855663565,30.759493670886076,2.278481012658228,13.5
ThresholdRule,noise,0.3,3,5,316.0,5.4,0.0,0.0,30.759493670886076,0.0,
ThresholdRule,noise,0.3,3,10,316.0,5.4,0.0,0.0,30.759493670886076,0.0,
ThresholdRule,noise,0.3,3,15,316.0,5.4,0.0,0.0,30.759493670886076,0.0,
ThresholdRule,noise,0.3,3,30,316.0,5.4,0.0,0.0,30.759493670886076,0.0,
ThresholdRule,noise,0.3,3,60,316.0,5.4,0.0,0.0,30.759493670886076,0.0,
ThresholdRule,noise,0.3,5,5,316.0,5.4,0.0,0.0,30.759493670886076,0.0,
ThresholdRule,noise,0.3,5,10,316.0,5.4,0.0,0.0,30.759493670886076,0.0,
ThresholdRule,noise,0.3,5,15,316.0,5.4,0.0,0.0,30.759493670886076,0.0,
ThresholdRule,noise,0.3,5,30,316.0,5.4,0.0,0.0,30.759493670886076,0.0,
ThresholdRule,noise,0.3,5,60,316.0,5.4,0.0,0.0,30.759493670886076,0.0,
ThresholdRule,noise,0.3,10,5,316.0,5.4,0.0,0.0,30.759493670886076,0.0,
ThresholdRule,noise,0.3,10,10,316.0,5.4,0.0,0.0,30.759493670886076,0.0,
ThresholdRule,noise,0.3,10,15,316.0,5.4,0.0,0.0,30.759493670886076,0.0,
ThresholdRule,noise,0.3,10,30,316.0,5.4,0.0,0.0,30.759493670886076,0.0,
ThresholdRule,noise,0.3,10,60,316.0,5.4,0.0,0.0,30.759493670886076,0.0,
ThresholdRule,noise,0.5,1,5,316.0,32.6,19.2,1.7204650534085253,185.69620253164558,109.36708860759494,1.6979166666666667
ThresholdRule,noise,0.5,1,10,316.0,32.6,12.6,1.0198039027185568,185.69620253164558,71.77215189873418,2.5873015873015874
ThresholdRule,noise,0.5,1,15,316.0,32.6,6.4,0.4898979485566356,185.69620253164558,36.45569620253165,5.09375
ThresholdRule,noise,0.5,1,30,316.0,32.6,1.8,0.7483314773547883,185.69620253164558,10.253164556962025,18.11111111111111
ThresholdRule,noise,0.5,1,60,316.0,32.6,1.0,0.0,185.69620253164558,5.69620253164557,32.6
ThresholdRule,noise,0.5,2,5,316.0,32.6,2.2,1.6,185.69620253164558,12.531645569620254,14.818181818181818
ThresholdRule,noise,0.5,2,10,316.0,32.6,2.2,1.6,185.69620253164558,12.531645569620254,14.818181818181818
ThresholdRule,noise,0.5,2,15,316.0,32.6,1.8,1.32664991614216,185.69620253164558,10.253164556962025,18.11111111111111
ThresholdRule,noise,0.5,2,30,316.0,32.6,1.0,0.6324555320336759,185.69620253164558,5.69620253164557,32.6
ThresholdRule,noise,0.5,2,60,316.0,32.6,0.8,0.4,185.69620253164558,4.556962025316456,40.75
ThresholdRule,noise,0.5,3,5,316.0,32.6,0.6,1.2,185.69620253164558,3.4177215189873418,54.333333333333336
ThresholdRule,noise,0.5,3,10,316.0,32.6,0.6,1.2,185.69620253164558,3.4177215189873418,54.333333333333336
ThresholdRule,noise,0.5,3,15,316.0,32.6,0.6,1.2,185.69620253164558,3.4177215189873418,54.333333333333336
ThresholdRule,noise,0.5,3,30,316.0,32.6,0.2,0.4,185.69620253164558,1.139240506329114,163.0
ThresholdRule,noise,0.5,3,60,316.0,32.6,0.2,0.4,185.69620253164558,1.139240506329114,163.0
ThresholdRule,noise,0.5,5,5,316.0,32.6,0.0,0.0,185.69620253164558,0.0,
ThresholdRule,noise,0.5,5,10,316.0,32.6,0.0,0.0,185.69620253164558,0.0,
ThresholdRule,noise,0.5,5,15,316.0,32.6,0.0,0.0,185.69620253164558,0.0,
ThresholdRule,noise,0.5,5,30,316.0,32.6,0.0,0.0,185.69620253164558,0.0,
ThresholdRule,noise,0.5,5,60,316.0,32.6,0.0,0.0,185.69620253164558,0.0,
ThresholdRule,noise,0.5,10,5,316.0,32.6,0.0,0.0,185.69620253164558,0.0,
ThresholdRule,noise,0.5,10,10,316.0,32.6,0.0,0.0,185.69620253164558,0.0,
ThresholdRule,noise,0.5,10,15,316.0,32.6,0.0,0.0,185.69620253164558,0.0,
ThresholdRule,noise,0.5,10,30,316.0,32.6,0.0,0.0,185.69620253164558,0.0,
ThresholdRule,noise,0.5,10,60,316.0,32.6,0.0,0.0,185.69620253164558,0.0,
