held_out,model,reject_quantile,reject_policy,reject_rate_heldout,reject_rate_clean,miss_rate_mean,miss_rate_std,escalation_mean,escalation_std,under_escalation_mean
Smoke,A_cost_weighted,0,monitor,0.0,0.0,0.0,0.0,1.0,0.0,0.0
Smoke,A_cost_weighted,0,alarm,0.0,0.0,0.0,0.0,1.0,0.0,0.0
Smoke,A_cost_weighted,5,monitor,0.0,0.07911392405063292,0.0,0.0,1.0,0.0,0.0
Smoke,A_cost_weighted,5,alarm,0.0,0.07911392405063292,0.0,0.0,1.0,0.0,0.0
Smoke,A_cost_weighted,10,monitor,0.0001265022137887413,0.1607594936708861,0.0001265022137887413,0.0002530044275774826,0.9998734977862114,0.00025300442757747454,0.0
Smoke,A_cost_weighted,10,alarm,0.0001265022137887413,0.1607594936708861,0.0,0.0,1.0,0.0,0.0
Smoke,A_cost_weighted,20,monitor,0.0020240354206198605,0.34873417721518984,0.0020240354206198605,0.0012900745132429562,0.9979759645793802,0.001290074513242963,0.0
Smoke,A_cost_weighted,20,alarm,0.0020240354206198605,0.34873417721518984,0.0,0.0,1.0,0.0,0.0
Smoke,A_cost_weighted,30,monitor,0.005313092979127135,0.5594936708860759,0.005313092979127135,0.0038286517268618734,0.9946869070208729,0.0038286517268618626,0.0
Smoke,A_cost_weighted,30,alarm,0.005313092979127135,0.5594936708860759,0.0,0.0,1.0,0.0,0.0
Smoke,B_unweighted,0,monitor,0.0,0.0,0.0001265022137887413,0.0002530044275774826,0.9998734977862114,0.00025300442757747454,0.0
Smoke,B_unweighted,0,alarm,0.0,0.0,0.0001265022137887413,0.0002530044275774826,0.9998734977862114,0.00025300442757747454,0.0
Smoke,B_unweighted,5,monitor,0.001265022137887413,0.11392405063291138,0.001265022137887413,0.0019185010611136115,0.9987349778621126,0.0019185010611135946,0.0
Smoke,B_unweighted,5,alarm,0.001265022137887413,0.11392405063291138,0.0,0.0,1.0,0.0,0.0
Smoke,B_unweighted,10,monitor,0.004554079696394687,0.18987341772151903,0.004554079696394687,0.0038034905448128807,0.9954459203036053,0.003803490544812887,0.0
Smoke,B_unweighted,10,alarm,0.004554079696394687,0.18987341772151903,0.0,0.0,1.0,0.0,0.0
Smoke,B_unweighted,20,monitor,0.3081593927893738,0.37151898734177213,0.3081593927893738,0.3616740990336838,0.6918406072106262,0.3616740990336838,0.0
Smoke,B_unweighted,20,alarm,0.3081593927893738,0.37151898734177213,0.0,0.0,1.0,0.0,0.0
Smoke,B_unweighted,30,monitor,0.7679949399114484,0.5512658227848102,0.7679949399114484,0.26205641201404795,0.23200506008855157,0.26205641201404795,0.0
Smoke,B_unweighted,30,alarm,0.7679949399114484,0.5512658227848102,0.0,0.0,1.0,0.0,0.0
Smoke,D_mlp,0,monitor,0.0,0.0,0.15673624288425045,0.18792771385450693,0.8427577482605946,0.1887922530868345,0.0005060088551549652
Smoke,D_mlp,0,alarm,0.0,0.0,0.15673624288425045,0.18792771385450693,0.8427577482605946,0.1887922530868345,0.0005060088551549652
Smoke,D_mlp,5,monitor,0.22808349146110057,0.09050632911392405,0.2793168880455408,0.3162627703157049,0.7206831119544592,0.3162627703157048,0.0
Smoke,D_mlp,5,alarm,0.22808349146110057,0.09050632911392405,0.051233396584440226,0.05941161353062882,0.9487666034155599,0.05941161353062883,0.0
Smoke,D_mlp,10,monitor,0.35597722960151795,0.16645569620253164,0.37672359266287153,0.3592699842127439,0.6232764073371284,0.359269984212744,0.0
Smoke,D_mlp,10,alarm,0.35597722960151795,0.16645569620253164,0.020746363061353572,0.03459413461887354,0.9792536369386464,0.03459413461887357,0.0
Smoke,D_mlp,20,monitor,0.6274509803921569,0.3240506329113924,0.6321315623023402,0.34693300744819155,0.3678684376976597,0.3469330074481916,0.0
Smoke,D_mlp,20,alarm,0.6274509803921569,0.3240506329113924,0.004680581910183428,0.009361163820366857,0.9953194180898166,0.009361163820366869,0.0
Smoke,D_mlp,30,monitor,0.7572422517394054,0.4670886075949367,0.7578747628083492,0.3652604162842605,0.24212523719165086,0.3652604162842604,0.0
Smoke,D_mlp,30,alarm,0.7572422517394054,0.4670886075949367,0.0006325110689437065,0.001265022137887413,0.9993674889310563,0.0012650221378874172,0.0
Smoke,E_gbm,0,monitor,0.0,0.0,0.0,0.0,1.0,0.0,0.0
Smoke,E_gbm,0,alarm,0.0,0.0,0.0,0.0,1.0,0.0,0.0
Smoke,E_gbm,5,monitor,0.0,0.18417721518987343,0.0,0.0,1.0,0.0,0.0
Smoke,E_gbm,5,alarm,0.0,0.18417721518987343,0.0,0.0,1.0,0.0,0.0
Smoke,E_gbm,10,monitor,0.0,0.4816455696202532,0.0,0.0,1.0,0.0,0.0
Smoke,E_gbm,10,alarm,0.0,0.4816455696202532,0.0,0.0,1.0,0.0,0.0
Smoke,E_gbm,20,monitor,0.0,0.7835443037974683,0.0,0.0,1.0,0.0,0.0
Smoke,E_gbm,20,alarm,0.0,0.7835443037974683,0.0,0.0,1.0,0.0,0.0
Smoke,E_gbm,30,monitor,0.0,0.9158227848101266,0.0,0.0,1.0,0.0,0.0
Smoke,E_gbm,30,alarm,0.0,0.9158227848101266,0.0,0.0,1.0,0.0,0.0
Smoke,SVM,0,monitor,0.0,0.0,0.004680581910183428,0.0027013480713551706,0.9476280834914611,0.01617745209445297,0.04769133459835547
Smoke,SVM,0,alarm,0.0,0.0,0.004680581910183428,0.0027013480713551706,0.9476280834914611,0.01617745209445297,0.04769133459835547
Smoke,SVM,5,monitor,0.12662871600253003,0.13037974683544304,0.12662871600253003,0.014770995660893349,0.8605945604048071,0.018680398199659,0.012776723592662872
Smoke,SVM,5,alarm,0.12662871600253003,0.13037974683544304,0.0,0.0,0.987223276407337,0.004278693112027261,0.012776723592662872
Smoke,SVM,10,monitor,0.18026565464895636,0.22025316455696203,0.18026565464895636,0.02001375368688027,0.8149272612270716,0.02100317745095034,0.00480708412397217
Smoke,SVM,10,alarm,0.18026565464895636,0.22025316455696203,0.0,0.0,0.995192915876028,0.0028735779105883937,0.00480708412397217
Smoke,SVM,20,monitor,0.4872865275142315,0.42405063291139244,0.4872865275142315,0.1792057346752659,0.5127134724857685,0.17920573467526593,0.0
Smoke,SVM,20,alarm,0.4872865275142315,0.42405063291139244,0.0,0.0,1.0,0.0,0.0
Smoke,SVM,30,monitor,0.821505376344086,0.6158227848101265,0.821505376344086,0.10694219126531436,0.178494623655914,0.10694219126531433,0.0
Smoke,SVM,30,alarm,0.821505376344086,0.6158227848101265,0.0,0.0,1.0,0.0,0.0
Smoke,RF,0,monitor,0.0,0.0,0.0,0.0,1.0,0.0,0.0
Smoke,RF,0,alarm,0.0,0.0,0.0,0.0,1.0,0.0,0.0
Smoke,RF,5,monitor,0.009487666034155597,0.07848101265822785,0.009487666034155597,0.011662927839712697,0.9905123339658445,0.01166292783971268,0.0
Smoke,RF,5,alarm,0.009487666034155597,0.07848101265822785,0.0,0.0,1.0,0.0,0.0
Smoke,RF,10,monitor,0.16318785578747627,0.26582278481012656,0.16318785578747627,0.18020017231159619,0.8368121442125238,0.18020017231159619,0.0
Smoke,RF,10,alarm,0.16318785578747627,0.26582278481012656,0.0,0.0,1.0,0.0,0.0
Smoke,RF,20,monitor,0.9755850727387729,0.8468354430379748,0.9755850727387729,0.04013052200712916,0.02441492726122707,0.040130522007129146,0.0
Smoke,RF,20,alarm,0.9755850727387729,0.8468354430379748,0.0,0.0,1.0,0.0,0.0
Smoke,RF,30,monitor,1.0,0.9905063291139239,1.0,0.0,0.0,0.0,0.0
Smoke,RF,30,alarm,1.0,0.9905063291139239,0.0,0.0,1.0,0.0,0.0
Smoke,KNN,0,monitor,0.0,0.0,0.012650221378874133,0.00797064339128317,0.9437065148640101,0.0037526621060572575,0.04364326375711575
Smoke,KNN,0,alarm,0.0,0.0,0.012650221378874133,0.00797064339128317,0.9437065148640101,0.0037526621060572575,0.04364326375711575
Smoke,KNN,5,monitor,0.017204301075268817,0.0620253164556962,0.024667931688804552,0.010048767670201393,0.9380139152435168,0.0032987741455800935,0.03731815306767868
Smoke,KNN,5,alarm,0.017204301075268817,0.0620253164556962,0.007463630613535737,0.002241624939490114,0.9552182163187855,0.009212974803811818,0.03731815306767868
Smoke,KNN,10,monitor,0.029222011385199243,0.12848101265822787,0.036053130929791274,0.010245898409268355,0.9316888045540797,0.0032987741455801148,0.03225806451612903
Smoke,KNN,10,alarm,0.029222011385199243,0.12848101265822787,0.00683111954459203,0.001715959515022206,0.960910815939279,0.00826050738384037,0.03225806451612903
Smoke,KNN,20,monitor,0.0370651486401012,0.14936708860759493,0.04288425047438331,0.008241111941759562,0.9276407337128401,0.004760249898096601,0.02947501581277672
Smoke,KNN,20,alarm,0.0370651486401012,0.14936708860759493,0.005819101834282099,0.0015180265654648958,0.9647058823529411,0.006005858302577713,0.02947501581277672
Smoke,KNN,30,monitor,0.0370651486401012,0.14936708860759493,0.04288425047438331,0.008241111941759562,0.9276407337128401,0.004760249898096601,0.02947501581277672
Smoke,KNN,30,alarm,0.0370651486401012,0.14936708860759493,0.005819101834282099,0.0015180265654648958,0.9647058823529411,0.006005858302577713,0.02947501581277672
Mixture,A_cost_weighted,0,monitor,0.0,0.0,0.0,0.0,0.37495256166982927,0.2073005792367563,0.6250474383301708
Mixture,A_cost_weighted,0,alarm,0.0,0.0,0.0,0.0,0.37495256166982927,0.2073005792367563,0.6250474383301708
Mixture,A_cost_weighted,5,monitor,0.22884250474383303,0.08670886075949366,0.22884250474383303,0.11100408878503917,0.2742567994939912,0.2122349774924102,0.4969006957621758
Mixture,A_cost_weighted,5,alarm,0.22884250474383303,0.08670886075949366,0.0,0.0,0.5030993042378242,0.1995764772794172,0.4969006957621758
Mixture,A_cost_weighted,10,monitor,0.39266287160025304,0.16962025316455695,0.39266287160025304,0.1148396265988158,0.20442757748260593,0.19147997885066725,0.4029095509171411
Mixture,A_cost_weighted,10,alarm,0.39266287160025304,0.16962025316455695,0.0,0.0,0.5970904490828589,0.203937498494951,0.4029095509171411
Mixture,A_cost_weighted,20,monitor,0.7125869702719798,0.3360759493670886,0.7125869702719798,0.1057346640239016,0.09728020240354207,0.14321950243114218,0.1901328273244782
Mixture,A_cost_weighted,20,alarm,0.7125869702719798,0.3360759493670886,0.0,0.0,0.8098671726755219,0.1321300938027082,0.1901328273244782
Mixture,A_cost_weighted,30,monitor,0.8613535736875395,0.5291139240506328,0.8613535736875395,0.08855010390073062,0.06426312460468057,0.10771245659863403,0.07438330170777989
Mixture,A_cost_weighted,30,alarm,0.8613535736875395,0.5291139240506328,0.0,0.0,0.92561669829222,0.0691500952478313,0.07438330170777989
Mixture,B_unweighted,0,monitor,0.0,0.0,0.0001265022137887413,0.0002530044275774826,0.27666034155597724,0.1796966507190123,0.7232131562302341
Mixture,B_unweighted,0,alarm,0.0,0.0,0.0001265022137887413,0.0002530044275774826,0.27666034155597724,0.1796966507190123,0.7232131562302341
Mixture,B_unweighted,5,monitor,0.22985452245414292,0.09430379746835442,0.22985452245414292,0.09416864220081621,0.1666034155597723,0.13264202007585682,0.6035420619860847
Mixture,B_unweighted,5,alarm,0.22985452245414292,0.09430379746835442,0.0,0.0,0.39645793801391527,0.19524886233718147,0.6035420619860847
Mixture,B_unweighted,10,monitor,0.42745098039215684,0.16645569620253164,0.42745098039215684,0.16220741121937396,0.07893738140417457,0.0759028041180573,0.4936116382036685
Mixture,B_unweighted,10,alarm,0.42745098039215684,0.16645569620253164,0.0,0.0,0.5063883617963315,0.18581259058951058,0.4936116382036685
Mixture,B_unweighted,20,monitor,0.6846299810246679,0.28670886075949364,0.6846299810246679,0.1567028014837627,0.010120177103099304,0.018054839838769703,0.30524984187223275
Mixture,B_unweighted,20,alarm,0.6846299810246679,0.28670886075949364,0.0,0.0,0.6947501581277673,0.15377830974541584,0.30524984187223275
Mixture,B_unweighted,30,monitor,0.7795066413662239,0.3556962025316456,0.7795066413662239,0.12444796329832776,0.0010120177103099305,0.002024035420619861,0.21948134092346616
Mixture,B_unweighted,30,alarm,0.7795066413662239,0.3556962025316456,0.0,0.0,0.7805186590765338,0.12454976523578823,0.21948134092346616
Mixture,D_mlp,0,monitor,0.0,0.0,0.0058191018342821,0.006817049252527504,0.25211891208096143,0.1507652725842344,0.7420619860847564
Mixture,D_mlp,0,alarm,0.0,0.0,0.0058191018342821,0.006817049252527504,0.25211891208096143,0.1507652725842344,0.7420619860847564
Mixture,D_mlp,5,monitor,0.13308032890575586,0.1018987341772152,0.13674889310562935,0.06770102547307595,0.18304870335230866,0.12295767899789256,0.6802024035420621
Mixture,D_mlp,5,alarm,0.13308032890575586,0.1018987341772152,0.0036685641998734976,0.005002838692798276,0.3161290322580645,0.17328651694490624,0.6802024035420621
Mixture,D_mlp,10,monitor,0.23074003795066417,0.20126582278481014,0.23364958886780524,0.10557562822475224,0.1353573687539532,0.09352013580173281,0.6309930423782416
Mixture,D_mlp,10,alarm,0.23074003795066417,0.20126582278481014,0.00290955091714105,0.003992342527023277,0.3660974067046173,0.18593346851045264,0.6309930423782416
Mixture,D_mlp,20,monitor,0.3927893738140418,0.33734177215189876,0.3939278937381404,0.1667073608453883,0.07362428842504744,0.05825231213502352,0.5324478178368122
Mixture,D_mlp,20,alarm,0.3927893738140418,0.33734177215189876,0.0011385199240986717,0.0014086690355041168,0.4664136622390892,0.2122734287128259,0.5324478178368122
Mixture,D_mlp,30,monitor,0.48007590132827327,0.42215189873417724,0.4805819101834282,0.19395161660969784,0.04642631246046806,0.03761521576732863,0.4729917773561037
Mixture,D_mlp,30,alarm,0.48007590132827327,0.42215189873417724,0.0005060088551549652,0.000619731750229773,0.5265022137887413,0.22200493385300932,0.4729917773561037
Mixture,E_gbm,0,monitor,0.0,0.0,0.011764705882352941,0.014901509750919391,0.7857052498418722,0.16852421521013322,0.20253004427577484
Mixture,E_gbm,0,alarm,0.0,0.0,0.011764705882352941,0.014901509750919391,0.7857052498418722,0.16852421521013322,0.20253004427577484
Mixture,E_gbm,5,monitor,0.007337128399746996,0.22151898734177214,0.013535736875395318,0.017699463562193752,0.7857052498418722,0.16852421521013322,0.20075901328273243
Mixture,E_gbm,5,alarm,0.007337128399746996,0.22151898734177214,0.006198608475648323,0.008876814569436474,0.7930423782416193,0.17517766031816287,0.20075901328273243
Mixture,E_gbm,10,monitor,0.01454775458570525,0.4563291139240507,0.018595825426944972,0.019473124761435905,0.7857052498418722,0.16852421521013322,0.1956989247311828
Mixture,E_gbm,10,alarm,0.01454775458570525,0.4563291139240507,0.004048070841239721,0.007185058480031841,0.8002530044275774,0.1779915368250666,0.1956989247311828
Mixture,E_gbm,20,monitor,0.037191650853889945,0.7335443037974683,0.03959519291587603,0.018088489576820063,0.7857052498418722,0.16852421521013322,0.17469955724225172
Mixture,E_gbm,20,alarm,0.037191650853889945,0.7335443037974683,0.002403542061986085,0.00480708412397217,0.8228969006957622,0.18225408864186385,0.17469955724225172
Mixture,E_gbm,30,monitor,0.07122074636306135,0.8949367088607595,0.07185325743200506,0.03436485666573359,0.781404174573055,0.16963121424401031,0.1467425679949399
Mixture,E_gbm,30,alarm,0.07122074636306135,0.8949367088607595,0.0006325110689437065,0.001265022137887413,0.8526249209361163,0.17853267784872243,0.1467425679949399
Mixture,SVM,0,monitor,0.0,0.0,0.0,0.0,0.0030360531309297912,0.00517578053016541,0.9969639468690701
Mixture,SVM,0,alarm,0.0,0.0,0.0,0.0,0.0030360531309297912,0.00517578053016541,0.9969639468690701
Mixture,SVM,5,monitor,0.019481340923466157,0.07088607594936709,0.019481340923466157,0.03209119568906769,0.0001265022137887413,0.0002530044275774826,0.980392156862745
Mixture,SVM,5,alarm,0.019481340923466157,0.07088607594936709,0.0,0.0,0.019607843137254898,0.03234352633540418,0.980392156862745
Mixture,SVM,10,monitor,0.17419354838709675,0.15632911392405063,0.17419354838709675,0.2933579518961816,0.0,0.0,0.8258064516129032
Mixture,SVM,10,alarm,0.17419354838709675,0.15632911392405063,0.0,0.0,0.17419354838709675,0.2933579518961816,0.8258064516129032
Mixture,SVM,20,monitor,0.43807716635041116,0.2848101265822785,0.43807716635041116,0.3198626924355783,0.0,0.0,0.5619228336495888
Mixture,SVM,20,alarm,0.43807716635041116,0.2848101265822785,0.0,0.0,0.43807716635041116,0.3198626924355783,0.5619228336495888
Mixture,SVM,30,monitor,0.7110689437065149,0.4120253164556962,0.7110689437065149,0.2306060759409713,0.0,0.0,0.28893105629348514
Mixture,SVM,30,alarm,0.7110689437065149,0.4120253164556962,0.0,0.0,0.7110689437065149,0.2306060759409713,0.28893105629348514
Mixture,RF,0,monitor,0.0,0.0,0.0006325110689437065,0.001265022137887413,0.7745730550284631,0.14734038188302698,0.2247944339025933
Mixture,RF,0,alarm,0.0,0.0,0.0006325110689437065,0.001265022137887413,0.7745730550284631,0.14734038188302698,0.2247944339025933
Mixture,RF,5,monitor,0.5539531941808982,0.10316455696202531,0.5539531941808982,0.16134929655678604,0.4226438962681847,0.1644423681748545,0.02340290955091714
Mixture,RF,5,alarm,0.5539531941808982,0.10316455696202531,0.0,0.0,0.9765970904490828,0.04366067725461954,0.02340290955091714
Mixture,RF,10,monitor,0.6829854522454143,0.24683544303797467,0.6829854522454143,0.05722795730117763,0.3010752688172043,0.05572849679325928,0.015939278937381403
Mixture,RF,10,alarm,0.6829854522454143,0.24683544303797467,0.0,0.0,0.9840607210626185,0.03187855787476281,0.015939278937381403
Mixture,RF,20,monitor,0.8160657811511701,0.7335443037974683,0.8160657811511701,0.09722532543191503,0.17090449082858952,0.08511202063306614,0.013029728020240355
Mixture,RF,20,alarm,0.8160657811511701,0.7335443037974683,0.0,0.0,0.9869702719797596,0.026059456040480718,0.013029728020240355
Mixture,RF,30,monitor,0.9407969639468691,0.8,0.9407969639468691,0.1073329351831767,0.04756483238456673,0.08414289781547572,0.0116382036685642
Mixture,RF,30,alarm,0.9407969639468691,0.8,0.0,0.0,0.9883617963314357,0.023276407337128414,0.0116382036685642
Mixture,KNN,0,monitor,0.0,0.0,0.03390259329538267,0.014175023228671918,0.2241619228336496,0.1259523787734944,0.7419354838709677
Mixture,KNN,0,alarm,0.0,0.0,0.03390259329538267,0.014175023228671918,0.2241619228336496,0.1259523787734944,0.7419354838709677
Mixture,KNN,5,monitor,0.08893105629348512,0.07658227848101266,0.10841239721695131,0.022496774702510713,0.19240986717267552,0.12201163112087067,0.6991777356103731
Mixture,KNN,5,alarm,0.08893105629348512,0.07658227848101266,0.019481340923466157,0.009875278462377604,0.2813409234661607,0.1278075599721354,0.6991777356103731
Mixture,KNN,10,monitor,0.1626818469323213,0.16518987341772154,0.17457305502846301,0.025965330524319354,0.16799493991144845,0.11769370576862256,0.6574320050600886
Mixture,KNN,10,alarm,0.1626818469323213,0.16518987341772154,0.011891208096141682,0.006176625232502822,0.3306767868437698,0.1302576040499106,0.6574320050600886
Mixture,KNN,20,monitor,0.1626818469323213,0.16518987341772154,0.17457305502846301,0.025965330524319354,0.16799493991144845,0.11769370576862256,0.6574320050600886
Mixture,KNN,20,alarm,0.1626818469323213,0.16518987341772154,0.011891208096141682,0.006176625232502822,0.3306767868437698,0.1302576040499106,0.6574320050600886
Mixture,KNN,30,monitor,0.1626818469323213,0.16518987341772154,0.17457305502846301,0.025965330524319354,0.16799493991144845,0.11769370576862256,0.6574320050600886
Mixture,KNN,30,alarm,0.1626818469323213,0.16518987341772154,0.011891208096141682,0.006176625232502822,0.3306767868437698,0.1302576040499106,0.6574320050600886
